-- phpMyAdmin SQL Dump
-- version 4.9.7
-- https://www.phpmyadmin.net/
--
-- Host: localhost:3306
-- Generation Time: Jun 02, 2022 at 05:06 AM
-- Server version: 10.3.34-MariaDB-log-cll-lve
-- PHP Version: 7.4.29

SET SQL_MODE = "NO_AUTO_VALUE_ON_ZERO";
SET AUTOCOMMIT = 0;
START TRANSACTION;
SET time_zone = "+00:00";


/*!40101 SET @OLD_CHARACTER_SET_CLIENT=@@CHARACTER_SET_CLIENT */;
/*!40101 SET @OLD_CHARACTER_SET_RESULTS=@@CHARACTER_SET_RESULTS */;
/*!40101 SET @OLD_COLLATION_CONNECTION=@@COLLATION_CONNECTION */;
/*!40101 SET NAMES utf8mb4 */;

--
-- Database: `srezfrzm_plan2career`
--

-- --------------------------------------------------------

--
-- Table structure for table `about`
--

CREATE TABLE `about` (
  `id` int(10) NOT NULL,
  `message` varchar(2000) NOT NULL,
  `created_at` timestamp NULL DEFAULT NULL,
  `updated_at` timestamp NULL DEFAULT NULL
) ENGINE=InnoDB DEFAULT CHARSET=latin1;

--
-- Dumping data for table `about`
--

INSERT INTO `about` (`id`, `message`, `created_at`, `updated_at`) VALUES
(1, 'my name is x', NULL, NULL),
(2, 'Neha ', '2021-04-30 10:13:15', '2021-04-30 10:13:15'),
(3, 'Aniya', '2021-04-30 10:28:02', '2021-04-30 10:28:02'),
(4, 'prapty', '2021-04-30 10:28:38', '2021-04-30 10:28:38'),
(5, 'tanjina', '2021-04-30 10:30:23', '2021-04-30 10:30:23');

-- --------------------------------------------------------

--
-- Table structure for table `abroads`
--

CREATE TABLE `abroads` (
  `id` int(10) NOT NULL,
  `name` varchar(100) NOT NULL,
  `email` varchar(100) NOT NULL,
  `mobile` varchar(100) NOT NULL,
  `destination` varchar(100) NOT NULL,
  `plan` varchar(100) NOT NULL,
  `location` varchar(100) NOT NULL,
  `level` varchar(100) NOT NULL,
  `created_at` timestamp NOT NULL DEFAULT current_timestamp(),
  `updated_at` timestamp NOT NULL DEFAULT current_timestamp()
) ENGINE=MyISAM DEFAULT CHARSET=latin1;

--
-- Dumping data for table `abroads`
--

INSERT INTO `abroads` (`id`, `name`, `email`, `mobile`, `destination`, `plan`, `location`, `level`, `created_at`, `updated_at`) VALUES
(1, 'MD. NAYEM', 'mdnayem.cse21@gmail.com', '01999791578', 'Canada', 'January 2022', 'Daulatpur, Khulna', 'M.Sc', '2021-12-06 11:24:01', '2021-12-06 12:02:53'),
(3, 'Abdur Rahman', 'rahman@gmail.com', '01957254326', 'India', 'July 2022', 'Khulna', 'M.Sc', '2021-12-06 12:42:39', '2022-04-24 11:24:11');

-- --------------------------------------------------------

--
-- Table structure for table `academicform`
--

CREATE TABLE `academicform` (
  `id` int(11) NOT NULL,
  `aiminlife` varchar(50) NOT NULL,
  `physics` varchar(50) DEFAULT NULL,
  `chemistry` varchar(50) DEFAULT NULL,
  `english` varchar(50) DEFAULT NULL,
  `biology` varchar(50) DEFAULT NULL,
  `mathematics` varchar(50) DEFAULT NULL,
  `hmathematics` varchar(50) DEFAULT NULL,
  `accounting` varchar(50) DEFAULT NULL,
  `finance` varchar(50) DEFAULT NULL,
  `name` varchar(50) NOT NULL,
  `address` varchar(50) NOT NULL,
  `education` varchar(50) NOT NULL,
  `institution` varchar(50) NOT NULL,
  `mobile` varchar(50) NOT NULL,
  `email` varchar(50) NOT NULL,
  `username` varchar(50) NOT NULL,
  `password` varchar(50) NOT NULL,
  `image` varchar(255) DEFAULT NULL,
  `created_at` timestamp NOT NULL DEFAULT current_timestamp(),
  `updated_at` timestamp NOT NULL DEFAULT current_timestamp()
) ENGINE=InnoDB DEFAULT CHARSET=latin1;

--
-- Dumping data for table `academicform`
--

INSERT INTO `academicform` (`id`, `aiminlife`, `physics`, `chemistry`, `english`, `biology`, `mathematics`, `hmathematics`, `accounting`, `finance`, `name`, `address`, `education`, `institution`, `mobile`, `email`, `username`, `password`, `image`, `created_at`, `updated_at`) VALUES
(1, 'To be a Engineer', NULL, NULL, NULL, 'Yes', NULL, NULL, 'Yes', 'Yes', 'MD. NAYEM', 'Najirghat Cross Road, Hajibari, Nirala, Khulna', 'Others', 'Zhejiang Sci-Tech University', '01999791578', 'mdnayem.cse21@gmail.com', 'mdnayem.cse21@gmail.com', '12345678', 'images/Nayem-digitalvai.jpg', '2022-02-13 10:35:19', '2022-02-13 10:35:19'),
(2, 'To be a Doctor', 'Yes', NULL, NULL, NULL, NULL, NULL, NULL, NULL, 'shamim reza', 'AK Center, 3rd Floor, CDA Avenue, East Nasirabad,', 'SSC', 'mkk', '01615112358', 'shamimreza.1120503622@gmail.com', 'shamimreza.1120503622@gmail.com', '12345678', 'images/bbank (1).jpg', '2022-04-14 11:25:23', '2022-04-14 11:25:23'),
(3, 'To be a Doctor', 'Yes', NULL, NULL, NULL, NULL, NULL, NULL, NULL, 'shamim reza', 'AK Center, 3rd Floor, CDA Avenue, East Nasirabad,', 'SSC', 'mkk', '01615112358', 'shamimreza.1120503633@gmail.com', 'abcd', '12345678', 'images/bbank (1).jpg', '2022-04-14 11:27:06', '2022-04-14 11:27:06'),
(4, 'To be a Doctor', 'Yes', NULL, NULL, NULL, NULL, NULL, NULL, NULL, 'shamim reza', 'AK Center, 3rd Floor, CDA Avenue, East Nasirabad,', 'SSC', 'kjmpou', '01615112358', 'shamimreza.11205036aa@gmail.com', 'abcd', '123456789', 'images/bbank (1).jpg', '2022-04-14 11:31:58', '2022-04-14 11:31:58');

-- --------------------------------------------------------

--
-- Table structure for table `carts`
--

CREATE TABLE `carts` (
  `id` int(10) UNSIGNED NOT NULL,
  `course_id` int(10) UNSIGNED NOT NULL,
  `user_id` int(10) UNSIGNED DEFAULT NULL,
  `order_id` int(10) UNSIGNED DEFAULT NULL,
  `ip_address` varchar(255) COLLATE utf8mb4_unicode_ci DEFAULT NULL,
  `course_quantity` int(11) NOT NULL DEFAULT 1,
  `created_at` timestamp NULL DEFAULT NULL,
  `updated_at` timestamp NULL DEFAULT NULL
) ENGINE=MyISAM DEFAULT CHARSET=utf8mb4 COLLATE=utf8mb4_unicode_ci;

--
-- Dumping data for table `carts`
--

INSERT INTO `carts` (`id`, `course_id`, `user_id`, `order_id`, `ip_address`, `course_quantity`, `created_at`, `updated_at`) VALUES
(1, 3, 15, 8, '103.150.6.14', 2, '2021-12-12 12:32:10', '2021-12-12 15:33:35'),
(2, 1, 15, 8, '103.150.6.14', 2, '2021-12-12 12:37:07', '2021-12-12 15:33:35'),
(4, 1, 15, 9, '103.150.6.14', 2, '2021-12-12 15:34:08', '2021-12-12 15:45:58'),
(5, 5, 15, 9, '103.150.6.14', 1, '2021-12-12 15:34:11', '2021-12-12 15:45:58'),
(6, 1, 15, 13, '103.150.6.14', 1, '2021-12-12 16:00:55', '2021-12-12 16:15:49'),
(7, 1, 15, 14, '103.150.6.14', 2, '2021-12-12 16:19:51', '2021-12-12 16:20:34'),
(8, 3, 15, 14, '103.150.6.14', 1, '2021-12-12 16:19:53', '2021-12-12 16:20:34'),
(9, 1, 15, 16, '116.58.201.131', 1, '2021-12-12 16:30:01', '2021-12-12 16:30:38'),
(10, 3, 15, 16, '116.58.201.131', 1, '2021-12-12 16:30:04', '2021-12-12 16:30:38'),
(11, 5, 15, 16, '116.58.201.131', 1, '2021-12-12 16:30:07', '2021-12-12 16:30:38'),
(12, 1, 15, 2, '116.58.201.131', 1, '2021-12-12 16:32:04', '2021-12-12 16:47:02'),
(13, 3, 15, 1, '116.58.201.131', 1, '2021-12-12 16:32:08', '2021-12-12 16:32:43'),
(14, 5, 15, 4, '116.58.201.131', 1, '2021-12-12 16:47:57', '2021-12-12 16:48:43'),
(15, 3, 15, 1, '103.150.6.14', 2, '2021-12-12 16:58:48', '2021-12-14 14:49:37'),
(17, 3, NULL, NULL, '103.110.163.227', 1, '2021-12-14 22:43:56', '2021-12-14 22:43:56'),
(18, 3, NULL, NULL, '103.16.24.208', 1, '2021-12-18 22:00:05', '2021-12-18 22:00:05'),
(21, 1, NULL, 2, '103.150.6.14', 2, '2022-01-02 14:28:57', '2022-01-02 14:30:53'),
(26, 22, NULL, 3, '103.150.6.14', 1, '2022-01-30 11:25:13', '2022-01-30 11:26:44'),
(28, 28, NULL, NULL, '115.127.7.242', 1, '2022-04-26 10:09:30', '2022-04-26 10:09:30');

-- --------------------------------------------------------

--
-- Table structure for table `chapter`
--

CREATE TABLE `chapter` (
  `id` int(10) NOT NULL,
  `course_id` int(10) NOT NULL,
  `name` varchar(100) NOT NULL,
  `description` varchar(100) NOT NULL,
  `created_at` timestamp NOT NULL DEFAULT current_timestamp(),
  `updated_at` timestamp NOT NULL DEFAULT current_timestamp()
) ENGINE=MyISAM DEFAULT CHARSET=latin1;

--
-- Dumping data for table `chapter`
--

INSERT INTO `chapter` (`id`, `course_id`, `name`, `description`, `created_at`, `updated_at`) VALUES
(1, 20, 'Analytical Basic', 'Analytical Basic All', '2021-12-08 12:06:48', '2021-12-08 17:43:34'),
(3, 21, 'Mathematics Basic', 'Basics about Career Mathematics', '2021-12-08 12:06:48', '2022-01-20 15:21:26'),
(4, 22, 'Digital Marketing Basic', 'All Basics of Digital Marketing', '2021-12-08 17:25:45', '2021-12-08 17:25:45'),
(6, 21, 'Mathematics Intermediate', 'Mathematics Intermediate Level All', '2022-01-19 11:08:53', '2022-01-19 11:08:53'),
(7, 10, 'MD. NAYEM', 'Statement of Purpose', '2022-01-30 11:29:37', '2022-01-30 11:29:37'),
(8, 10, 'C Programming', 'Test', '2022-04-12 09:02:10', '2022-04-12 09:02:10');

-- --------------------------------------------------------

--
-- Table structure for table `chat`
--

CREATE TABLE `chat` (
  `id` int(11) NOT NULL,
  `student_email` varchar(50) NOT NULL,
  `teacher_email` varchar(50) DEFAULT NULL,
  `sending_email` varchar(50) DEFAULT NULL,
  `course_id` int(10) DEFAULT NULL,
  `category` varchar(50) DEFAULT NULL,
  `message` varchar(1500) DEFAULT NULL,
  `created_at` timestamp NULL DEFAULT NULL,
  `updated_at` timestamp NULL DEFAULT NULL
) ENGINE=InnoDB DEFAULT CHARSET=latin1;

--
-- Dumping data for table `chat`
--

INSERT INTO `chat` (`id`, `student_email`, `teacher_email`, `sending_email`, `course_id`, `category`, `message`, `created_at`, `updated_at`) VALUES
(1, 'shamimreza.tentech@gmail.com', 'shamimreza.tentech@gmail.com', NULL, 2, 'courses', 'i am x', NULL, NULL),
(2, 'shamimreza.tentech@gmail.com', 'shamimreza.tentech@gmail.com', 'shamimreza.tentech@gmail.com', NULL, 'Course', NULL, '2021-05-16 15:10:06', '2021-05-16 15:10:06'),
(3, 'shamimreza.tentech@gmail.com', 'shamimreza.tentech@gmail.com', 'shamimreza.tentech@gmail.com', NULL, 'Course', NULL, '2021-05-16 15:11:48', '2021-05-16 15:11:48'),
(4, 'shamimreza.tentech@gmail.com', 'shamimreza.tentech@gmail.com', 'shamimreza.tentech@gmail.com', NULL, 'Course', 'mkj', '2021-05-16 15:13:14', '2021-05-16 15:13:14'),
(5, 'shamimreza.tentech@gmail.com', 'shamimreza.tentech@gmail.com', 'shamimreza.tentech@gmail.com', NULL, 'Course', 'my name is v', '2021-05-16 15:14:09', '2021-05-16 15:14:09'),
(6, 'shamimreza.tentech@gmail.com', 'shamimreza.tentech@gmail.com', 'shamimreza.tentech@gmail.com', 2, 'Course', 'i am shamim', '2021-05-16 15:16:17', '2021-05-16 15:16:17'),
(7, 'shamimreza.tentech@gmail.com', 'shamimreza.tentech@gmail.com', 'shamimreza.tentech@gmail.com', 2, 'Course', 'ki obostha?', '2021-05-16 15:28:42', '2021-05-16 15:28:42'),
(8, 'shamimreza.tentech@gmail.com', 'shamimreza.tentech@gmail.com', 'shamimreza.tentech@gmail.com', 2, 'Course', 'aj akash nil', '2021-05-16 15:31:10', '2021-05-16 15:31:10'),
(9, 'shamimreza.tentech@gmail.com', 'shamimreza.tentech@gmail.com', 'shamimreza.tentech@gmail.com', 2, 'Course', 'aj akash red', '2021-05-16 15:32:47', '2021-05-16 15:32:47'),
(10, 'shamimreza.tentech@gmail.com', 'shamimreza.tentech@gmail.com', 'shamimreza.tentech@gmail.com', 2, 'Course', 'hi', '2021-05-16 15:34:48', '2021-05-16 15:34:48'),
(11, 'shamimreza.tentech@gmail.com', 'shamimreza.tentech@gmail.com', 'shamimreza.tentech@gmail.com', 2, 'Course', 'any pb?m', '2021-05-16 15:38:30', '2021-05-16 15:38:30'),
(12, 'shamimreza.tentech@gmail.com', 'shamimreza.tentech@gmail.com', 'shamimreza.tentech@gmail.com', 2, 'Course', 'ami valo achi', '2021-05-16 15:39:18', '2021-05-16 15:39:18'),
(13, 'shamimreza.tentech@gmail.com', 'shamimreza.tentech@gmail.com', 'shamimreza.tentech@gmail.com', 2, 'Course', 'apnii kmn achen?', '2021-05-16 15:39:30', '2021-05-16 15:39:30'),
(14, 'shamimreza.tentech@gmail.com', 'abc@sss', 'shamimreza.tentech@gmail.com', 2, 'Course', 'ki je bujhi', '2021-05-16 15:41:36', '2021-05-16 15:41:36'),
(15, 'shamimreza.tentech@gmail.com', 'shamimreza.tentech@gmail.com', 'shamimreza.tentech@gmail.com', 2, 'Course', 'hhhh', '2021-05-18 09:32:47', '2021-05-18 09:32:47'),
(16, 'shamimreza.tentech@gmail.com', 'abc@sss', 'shamimreza.tentech@gmail.com', 2, 'Course', 'abcdef', '2021-05-18 10:52:46', '2021-05-18 10:52:46'),
(17, 'shamimreza.abc@gmail.com', 'shamimreza.tentech@gmail.com', 'shamimreza.abc@gmail.com', 2, 'Course', 'hi', '2021-06-14 04:13:49', '2021-06-14 04:13:49'),
(18, 'shamim@shamim', 'shamim@shamim', 'shamim@shamim', 1, 'Basic Math', 'abcd', NULL, NULL),
(19, 'shamim@gmail.com', NULL, NULL, NULL, 'Basic Math', 'asdfgh', '2021-10-20 13:19:29', '2021-10-20 13:19:29'),
(20, 'shamim@gmail.com', NULL, NULL, NULL, 'Basic Math', 'shamim', '2021-10-20 13:20:15', '2021-10-20 13:20:15'),
(21, 'nayemmd.cse21@gmail.com', NULL, NULL, NULL, 'Basic Math', 'uu9', '2021-10-20 14:27:43', '2021-10-20 14:27:43'),
(22, 'shamim@gmail.com', NULL, NULL, NULL, 'Basic Math', 'abcdef', '2021-11-02 14:44:24', '2021-11-02 14:44:24'),
(23, 'shamim@gmail.com', NULL, NULL, NULL, 'Basic Math', 'rty', '2021-11-02 14:51:51', '2021-11-02 14:51:51'),
(24, 'shamim@gmail.com', NULL, NULL, NULL, 'Basic Math', 'rty', '2021-11-02 15:33:19', '2021-11-02 15:33:19'),
(25, 'shamim@gmail.com', NULL, NULL, NULL, 'Basic Math', 'rty', '2021-11-02 15:35:25', '2021-11-02 15:35:25'),
(26, 'shamim@gmail.com', NULL, NULL, NULL, 'Basic Math', 'hi shamim', '2021-11-02 15:35:51', '2021-11-02 15:35:51'),
(27, 'shamim@gmail.com', NULL, NULL, NULL, 'Basic Math', 'hhh', '2021-11-02 15:37:03', '2021-11-02 15:37:03'),
(28, 'shamim@gmail.com', NULL, NULL, NULL, 'Basic Math', 'hhh', '2021-11-02 15:37:39', '2021-11-02 15:37:39'),
(29, 'shamim@gmail.com', NULL, NULL, NULL, 'Basic Math', 'hhh', '2021-11-02 15:39:39', '2021-11-02 15:39:39'),
(30, 'shamim@gmail.com', NULL, NULL, NULL, 'Basic Math', 'hhh', '2021-11-02 15:40:02', '2021-11-02 15:40:02'),
(31, 'shamim@gmail.com', NULL, NULL, NULL, 'Basic Math', 'hhh', '2021-11-02 15:41:37', '2021-11-02 15:41:37'),
(32, 'shamim@gmail.com', NULL, NULL, NULL, 'Basic Math', 'my name', '2021-11-02 15:47:07', '2021-11-02 15:47:07'),
(33, 'nayemmd.cse21@gmail.com', NULL, NULL, NULL, 'Basic Math', 'hi', '2021-12-06 12:28:43', '2021-12-06 12:28:43'),
(34, 'nayemmd.cse21@gmail.com', NULL, NULL, NULL, 'Basic Math', 'gh', '2021-12-06 12:28:59', '2021-12-06 12:28:59'),
(35, 'shamimreza.0011205036@gmail.com', NULL, NULL, NULL, 'Basic Math', 'hi i am shamim', '2021-12-13 18:46:09', '2021-12-13 18:46:09'),
(36, 'shamimreza.0011205036@gmail.com', NULL, NULL, NULL, 'Basic Math', 'youtube.com', '2021-12-13 18:47:17', '2021-12-13 18:47:17'),
(37, 'mdnayem.cse21@gmail.com', NULL, NULL, NULL, 'Basic Math', 'yuy', '2022-01-24 13:15:41', '2022-01-24 13:15:41'),
(38, 'mdnayem.cse21@gmail.com', NULL, NULL, NULL, 'Basic Math', 'hi', '2022-01-24 13:16:25', '2022-01-24 13:16:25'),
(39, 'mdnayem.cse21@gmail.com', NULL, NULL, NULL, 'Basic Math', 'yuy', '2022-01-24 13:16:32', '2022-01-24 13:16:32'),
(40, 'mdnayem.cse21@gmail.com', NULL, NULL, NULL, 'Basic Math', 'hi', '2022-01-24 13:17:04', '2022-01-24 13:17:04'),
(41, 'mdnayem.cse21@gmail.com', NULL, NULL, NULL, 'Basic Math', 'fdd', '2022-01-30 11:34:47', '2022-01-30 11:34:47'),
(42, 'mdnayem.cse21@gmail.com', NULL, NULL, NULL, 'Basic Math', 'dffdfg', '2022-04-16 11:25:33', '2022-04-16 11:25:33'),
(43, 'mdnayem.cse21@gmail.com', NULL, NULL, NULL, 'Math', 'hi', '2022-04-25 10:52:54', '2022-04-25 10:52:54'),
(44, 'mdnayem.cse21@gmail.com', NULL, NULL, NULL, 'Math', 'hi', '2022-04-25 11:02:58', '2022-04-25 11:02:58'),
(45, 'mdnayem.cse21@gmail.com', NULL, NULL, NULL, 'Math', 'hi', '2022-04-25 11:07:13', '2022-04-25 11:07:13'),
(46, 'mdnayem.cse21@gmail.com', NULL, NULL, NULL, 'Math', 'Hello world!', '2022-04-25 14:16:19', '2022-04-25 14:16:19'),
(47, 'mdnayem.cse21@gmail.com', NULL, NULL, NULL, 'Math', 'Hello this is test', '2022-04-25 14:22:14', '2022-04-25 14:22:14');

-- --------------------------------------------------------

--
-- Table structure for table `content`
--

CREATE TABLE `content` (
  `id` int(10) NOT NULL,
  `course_id` int(11) DEFAULT NULL,
  `chapter_id` int(11) DEFAULT NULL,
  `content_name` varchar(100) DEFAULT NULL,
  `description` varchar(500) DEFAULT NULL,
  `chapter` varchar(100) DEFAULT NULL,
  `video` varchar(50) DEFAULT NULL,
  `audio` varchar(100) DEFAULT NULL,
  `text` varchar(100) DEFAULT NULL,
  `image` varchar(100) DEFAULT NULL,
  `status` varchar(20) NOT NULL DEFAULT 'pending',
  `created_at` timestamp NULL DEFAULT NULL,
  `updated_at` timestamp NULL DEFAULT NULL
) ENGINE=InnoDB DEFAULT CHARSET=latin1;

--
-- Dumping data for table `content`
--

INSERT INTO `content` (`id`, `course_id`, `chapter_id`, `content_name`, `description`, `chapter`, `video`, `audio`, `text`, `image`, `status`, `created_at`, `updated_at`) VALUES
(1, 1, 0, 'HTML Basic', 'HTML tag', '1.1', 'https://www.youtube.com/watch?v=wCpLBg78zkw', 'https://www.youtube.com/watch?v=wCpLBg78zkw', 'sample text', '/tmp/php7eqhL1', 'Delivered', '2021-12-08 15:37:14', '2022-01-20 16:06:53'),
(3, 1, 0, 'HTML Basic 2', 'HTML form elements', '2', '', '', '', '', 'Delivered', '2021-05-17 09:10:21', '2021-12-08 14:20:23'),
(4, 5, 0, 'The environment', 'Descruiption', 'chapter 1', '', '', '', '', 'pending', '2021-05-17 09:17:32', '2021-05-17 09:17:32'),
(5, 6, 0, 'introduction', 'Description', 'chapter 1', '', '', '', '', 'pending', '2021-05-27 11:06:06', '2021-05-27 11:06:06'),
(6, 1, 0, 'HTML Intermediate', 'HTML input type', '2', '', '', '', '', 'Delivered', '2021-12-08 13:30:56', '2021-12-08 13:30:56'),
(7, 6, 0, 'Sample Chapter 1 set function Basic', 'Sample Chapter 1 set function Basic description', 'chapter 1.1', NULL, NULL, NULL, NULL, 'pending', '2022-01-19 12:16:16', '2022-01-19 12:16:16'),
(10, NULL, 6, 'Sample Chapter 1 set function', NULL, NULL, 'https://www.youtube.com/watch?v=wCpLBg78zkw', NULL, NULL, NULL, 'pending', '2022-01-19 17:35:51', '2022-01-19 17:35:51');

-- --------------------------------------------------------

--
-- Table structure for table `course`
--

CREATE TABLE `course` (
  `id` int(11) NOT NULL,
  `email` varchar(50) NOT NULL,
  `title` varchar(50) DEFAULT NULL,
  `description` varchar(1500) DEFAULT NULL,
  `benefit` varchar(500) DEFAULT NULL,
  `difficulty` varchar(50) DEFAULT NULL,
  `price` float NOT NULL,
  `category` varchar(30) NOT NULL,
  `ccategory` varchar(50) DEFAULT NULL,
  `medium` varchar(50) DEFAULT NULL,
  `image` varchar(100) DEFAULT NULL,
  `created_at` timestamp NULL DEFAULT NULL,
  `updated_at` timestamp NULL DEFAULT NULL
) ENGINE=InnoDB DEFAULT CHARSET=latin1;

--
-- Dumping data for table `course`
--

INSERT INTO `course` (`id`, `email`, `title`, `description`, `benefit`, `difficulty`, `price`, `category`, `ccategory`, `medium`, `image`, `created_at`, `updated_at`) VALUES
(20, 'mdnayem.cse21@gmail.com', 'Analytical Ability', 'Analytical basic, intermediate and advance', 'Can be a pro in Analytical Ability', 'Medium', 7000, 'Course', 'Analytical All', NULL, 'images/abs1.jpg', '2022-01-23 15:17:01', '2022-01-23 15:17:01'),
(21, 'mdnayem.cse21@gmail.com', 'Mathematics Course', 'Mathematics All', 'Can be a pro in Mathematics', 'Easy', 5000, 'Course', 'Mathematics', NULL, 'images/abs2.jpg', '2022-01-23 15:18:00', '2022-01-23 15:18:00'),
(28, 'mdnayem.cse21@gmail.com', 'English (Spoken and All)', 'Will be able to communicate in English', 'Can be a pro in English', 'Medium', 7000, 'Course', 'English Language', NULL, 'images/english.jpg', '2022-02-13 16:19:29', '2022-02-13 16:19:29'),
(35, 'mjhjoy1@gmail.com', 'Shamim Reza', 'hi you are right', 'good', 'hard', 5000, 'Trainer', 'web development', NULL, 'images/bbank (1).jpg', '2022-04-14 12:06:23', '2022-04-14 12:06:23');

-- --------------------------------------------------------

--
-- Table structure for table `exams`
--

CREATE TABLE `exams` (
  `id` int(10) NOT NULL,
  `user_id` int(10) DEFAULT NULL,
  `examtopics_id` int(10) NOT NULL,
  `created_at` timestamp(6) NULL DEFAULT NULL,
  `updated_at` timestamp(6) NULL DEFAULT NULL
) ENGINE=InnoDB DEFAULT CHARSET=latin1;

--
-- Dumping data for table `exams`
--

INSERT INTO `exams` (`id`, `user_id`, `examtopics_id`, `created_at`, `updated_at`) VALUES
(1, NULL, 3, '2021-11-09 13:54:06.000000', '2021-11-09 13:54:06.000000'),
(2, NULL, 3, '2021-11-09 13:54:13.000000', '2021-11-09 13:54:13.000000'),
(3, NULL, 4, '2021-11-09 14:39:50.000000', '2021-11-09 14:39:50.000000'),
(4, NULL, 3, '2021-11-09 14:39:56.000000', '2021-11-09 14:39:56.000000'),
(5, NULL, 4, '2021-11-09 14:40:04.000000', '2021-11-09 14:40:04.000000'),
(6, NULL, 4, '2021-11-09 14:47:07.000000', '2021-11-09 14:47:07.000000'),
(7, NULL, 4, '2021-11-09 14:48:41.000000', '2021-11-09 14:48:41.000000'),
(8, NULL, 4, '2021-11-09 14:49:12.000000', '2021-11-09 14:49:12.000000'),
(9, NULL, 4, '2021-11-09 14:50:05.000000', '2021-11-09 14:50:05.000000'),
(10, NULL, 4, '2021-11-09 14:57:21.000000', '2021-11-09 14:57:21.000000'),
(11, NULL, 4, '2021-11-09 15:00:43.000000', '2021-11-09 15:00:43.000000'),
(12, NULL, 4, '2021-11-09 15:01:19.000000', '2021-11-09 15:01:19.000000'),
(13, NULL, 4, '2021-11-09 15:03:53.000000', '2021-11-09 15:03:53.000000'),
(14, NULL, 3, '2021-11-09 15:04:21.000000', '2021-11-09 15:04:21.000000'),
(15, NULL, 4, '2021-11-10 09:52:54.000000', '2021-11-10 09:52:54.000000'),
(16, NULL, 3, '2021-11-10 09:53:09.000000', '2021-11-10 09:53:09.000000'),
(17, NULL, 4, '2021-11-10 12:26:53.000000', '2021-11-10 12:26:53.000000'),
(18, NULL, 2, '2021-11-10 13:55:20.000000', '2021-11-10 13:55:20.000000'),
(19, NULL, 3, '2021-11-10 13:55:27.000000', '2021-11-10 13:55:27.000000'),
(20, NULL, 2, '2021-11-10 14:24:44.000000', '2021-11-10 14:24:44.000000'),
(21, NULL, 3, '2021-11-10 14:24:51.000000', '2021-11-10 14:24:51.000000'),
(22, NULL, 3, '2021-11-10 14:25:39.000000', '2021-11-10 14:25:39.000000'),
(23, NULL, 3, '2021-11-10 14:26:43.000000', '2021-11-10 14:26:43.000000'),
(24, NULL, 3, '2021-11-10 15:49:52.000000', '2021-11-10 15:49:52.000000'),
(25, NULL, 4, '2021-12-06 10:06:38.000000', '2021-12-06 10:06:38.000000'),
(26, NULL, 4, '2021-12-06 10:12:53.000000', '2021-12-06 10:12:53.000000'),
(27, NULL, 3, '2021-12-06 10:12:59.000000', '2021-12-06 10:12:59.000000'),
(28, NULL, 2, '2021-12-06 10:16:48.000000', '2021-12-06 10:16:48.000000'),
(29, NULL, 4, '2021-12-06 15:05:07.000000', '2021-12-06 15:05:07.000000'),
(30, NULL, 2, '2021-12-06 15:05:12.000000', '2021-12-06 15:05:12.000000'),
(31, NULL, 5, '2021-12-06 15:14:07.000000', '2021-12-06 15:14:07.000000'),
(32, NULL, 3, '2021-12-06 15:14:21.000000', '2021-12-06 15:14:21.000000'),
(33, NULL, 4, '2021-12-06 15:14:35.000000', '2021-12-06 15:14:35.000000'),
(34, NULL, 3, '2021-12-06 15:14:53.000000', '2021-12-06 15:14:53.000000'),
(35, NULL, 2, '2021-12-06 15:15:03.000000', '2021-12-06 15:15:03.000000'),
(36, NULL, 4, '2021-12-06 15:15:09.000000', '2021-12-06 15:15:09.000000'),
(37, NULL, 5, '2021-12-06 15:16:28.000000', '2021-12-06 15:16:28.000000'),
(38, NULL, 4, '2021-12-06 15:16:34.000000', '2021-12-06 15:16:34.000000'),
(39, NULL, 3, '2021-12-06 15:32:37.000000', '2021-12-06 15:32:37.000000'),
(40, NULL, 5, '2021-12-06 15:37:15.000000', '2021-12-06 15:37:15.000000'),
(41, NULL, 3, '2021-12-06 15:50:50.000000', '2021-12-06 15:50:50.000000'),
(42, NULL, 2, '2021-12-06 15:51:25.000000', '2021-12-06 15:51:25.000000'),
(43, NULL, 2, '2021-12-07 10:52:08.000000', '2021-12-07 10:52:08.000000'),
(44, NULL, 5, '2021-12-07 10:54:07.000000', '2021-12-07 10:54:07.000000'),
(45, NULL, 3, '2021-12-07 11:15:10.000000', '2021-12-07 11:15:10.000000'),
(46, NULL, 2, '2021-12-07 11:15:21.000000', '2021-12-07 11:15:21.000000'),
(47, NULL, 4, '2021-12-07 11:15:25.000000', '2021-12-07 11:15:25.000000'),
(48, NULL, 5, '2021-12-07 11:15:39.000000', '2021-12-07 11:15:39.000000'),
(49, NULL, 4, '2021-12-07 11:15:44.000000', '2021-12-07 11:15:44.000000'),
(50, NULL, 4, '2021-12-07 11:18:11.000000', '2021-12-07 11:18:11.000000'),
(51, NULL, 4, '2021-12-07 11:18:45.000000', '2021-12-07 11:18:45.000000'),
(52, NULL, 4, '2021-12-07 11:28:53.000000', '2021-12-07 11:28:53.000000'),
(53, NULL, 4, '2021-12-07 11:29:17.000000', '2021-12-07 11:29:17.000000'),
(54, NULL, 4, '2021-12-07 11:31:21.000000', '2021-12-07 11:31:21.000000'),
(55, NULL, 4, '2021-12-07 11:32:44.000000', '2021-12-07 11:32:44.000000'),
(56, NULL, 4, '2021-12-07 11:33:11.000000', '2021-12-07 11:33:11.000000'),
(57, NULL, 4, '2021-12-07 11:40:07.000000', '2021-12-07 11:40:07.000000'),
(58, NULL, 5, '2021-12-07 11:40:16.000000', '2021-12-07 11:40:16.000000'),
(59, NULL, 5, '2021-12-07 12:02:55.000000', '2021-12-07 12:02:55.000000'),
(60, NULL, 5, '2021-12-07 12:05:06.000000', '2021-12-07 12:05:06.000000'),
(61, NULL, 5, '2021-12-07 12:05:55.000000', '2021-12-07 12:05:55.000000'),
(62, NULL, 5, '2021-12-07 12:06:36.000000', '2021-12-07 12:06:36.000000'),
(63, NULL, 5, '2021-12-07 12:08:50.000000', '2021-12-07 12:08:50.000000'),
(64, NULL, 2, '2021-12-07 12:09:21.000000', '2021-12-07 12:09:21.000000'),
(65, NULL, 5, '2021-12-07 12:09:27.000000', '2021-12-07 12:09:27.000000'),
(66, NULL, 3, '2021-12-07 12:11:01.000000', '2021-12-07 12:11:01.000000'),
(67, NULL, 2, '2021-12-07 12:11:10.000000', '2021-12-07 12:11:10.000000'),
(68, NULL, 3, '2021-12-07 12:11:15.000000', '2021-12-07 12:11:15.000000'),
(69, NULL, 5, '2021-12-07 12:11:26.000000', '2021-12-07 12:11:26.000000'),
(70, NULL, 5, '2021-12-07 12:20:47.000000', '2021-12-07 12:20:47.000000'),
(71, NULL, 5, '2021-12-07 12:21:30.000000', '2021-12-07 12:21:30.000000'),
(72, NULL, 5, '2021-12-07 12:25:14.000000', '2021-12-07 12:25:14.000000'),
(73, NULL, 5, '2021-12-07 12:26:37.000000', '2021-12-07 12:26:37.000000'),
(74, NULL, 5, '2021-12-07 12:28:20.000000', '2021-12-07 12:28:20.000000'),
(75, NULL, 5, '2021-12-07 12:31:30.000000', '2021-12-07 12:31:30.000000'),
(76, NULL, 5, '2021-12-07 12:32:08.000000', '2021-12-07 12:32:08.000000'),
(77, NULL, 5, '2021-12-07 12:34:41.000000', '2021-12-07 12:34:41.000000'),
(78, NULL, 5, '2021-12-07 12:35:11.000000', '2021-12-07 12:35:11.000000'),
(79, NULL, 5, '2021-12-07 12:36:40.000000', '2021-12-07 12:36:40.000000'),
(80, NULL, 5, '2021-12-07 12:38:53.000000', '2021-12-07 12:38:53.000000'),
(81, NULL, 2, '2021-12-07 12:38:58.000000', '2021-12-07 12:38:58.000000'),
(82, NULL, 5, '2021-12-07 12:41:58.000000', '2021-12-07 12:41:58.000000'),
(83, NULL, 5, '2021-12-07 12:48:20.000000', '2021-12-07 12:48:20.000000'),
(84, NULL, 5, '2021-12-07 12:51:46.000000', '2021-12-07 12:51:46.000000'),
(85, NULL, 5, '2021-12-07 12:53:50.000000', '2021-12-07 12:53:50.000000'),
(86, NULL, 5, '2021-12-07 12:53:53.000000', '2021-12-07 12:53:53.000000'),
(87, NULL, 5, '2021-12-07 12:53:57.000000', '2021-12-07 12:53:57.000000'),
(88, NULL, 5, '2021-12-07 13:03:27.000000', '2021-12-07 13:03:27.000000'),
(89, NULL, 5, '2021-12-07 13:04:42.000000', '2021-12-07 13:04:42.000000'),
(90, NULL, 4, '2021-12-07 13:04:50.000000', '2021-12-07 13:04:50.000000'),
(91, NULL, 2, '2021-12-07 13:04:59.000000', '2021-12-07 13:04:59.000000'),
(92, NULL, 5, '2021-12-07 13:34:17.000000', '2021-12-07 13:34:17.000000'),
(93, NULL, 5, '2021-12-07 13:34:22.000000', '2021-12-07 13:34:22.000000'),
(94, NULL, 5, '2021-12-07 15:57:38.000000', '2021-12-07 15:57:38.000000'),
(95, NULL, 5, '2021-12-07 16:00:13.000000', '2021-12-07 16:00:13.000000'),
(96, NULL, 5, '2021-12-07 16:01:30.000000', '2021-12-07 16:01:30.000000'),
(97, NULL, 2, '2021-12-07 16:02:04.000000', '2021-12-07 16:02:04.000000'),
(98, NULL, 5, '2021-12-07 16:02:09.000000', '2021-12-07 16:02:09.000000'),
(99, NULL, 5, '2021-12-07 16:02:58.000000', '2021-12-07 16:02:58.000000'),
(100, NULL, 5, '2021-12-07 16:04:59.000000', '2021-12-07 16:04:59.000000'),
(101, NULL, 5, '2021-12-07 16:05:24.000000', '2021-12-07 16:05:24.000000'),
(102, NULL, 5, '2021-12-07 16:06:33.000000', '2021-12-07 16:06:33.000000'),
(103, NULL, 5, '2021-12-07 16:07:13.000000', '2021-12-07 16:07:13.000000'),
(104, NULL, 5, '2021-12-07 16:14:09.000000', '2021-12-07 16:14:09.000000'),
(105, NULL, 5, '2021-12-07 16:15:27.000000', '2021-12-07 16:15:27.000000'),
(106, NULL, 5, '2021-12-07 16:20:46.000000', '2021-12-07 16:20:46.000000'),
(107, NULL, 5, '2021-12-07 16:28:13.000000', '2021-12-07 16:28:13.000000'),
(108, NULL, 5, '2021-12-07 16:48:48.000000', '2021-12-07 16:48:48.000000'),
(109, NULL, 5, '2021-12-07 16:50:22.000000', '2021-12-07 16:50:22.000000'),
(110, NULL, 5, '2021-12-07 16:52:51.000000', '2021-12-07 16:52:51.000000'),
(111, NULL, 5, '2021-12-07 17:17:53.000000', '2021-12-07 17:17:53.000000'),
(112, NULL, 5, '2021-12-07 17:18:03.000000', '2021-12-07 17:18:03.000000'),
(113, NULL, 5, '2021-12-07 17:20:55.000000', '2021-12-07 17:20:55.000000'),
(114, NULL, 5, '2021-12-07 17:23:41.000000', '2021-12-07 17:23:41.000000'),
(115, NULL, 5, '2021-12-07 17:24:34.000000', '2021-12-07 17:24:34.000000'),
(116, NULL, 5, '2021-12-07 17:25:06.000000', '2021-12-07 17:25:06.000000'),
(117, NULL, 5, '2021-12-07 17:26:03.000000', '2021-12-07 17:26:03.000000'),
(118, NULL, 5, '2021-12-07 17:29:06.000000', '2021-12-07 17:29:06.000000'),
(119, NULL, 5, '2021-12-07 17:34:08.000000', '2021-12-07 17:34:08.000000'),
(120, NULL, 5, '2021-12-07 17:35:15.000000', '2021-12-07 17:35:15.000000'),
(121, NULL, 5, '2021-12-07 17:36:34.000000', '2021-12-07 17:36:34.000000'),
(122, NULL, 5, '2021-12-07 17:45:18.000000', '2021-12-07 17:45:18.000000'),
(123, NULL, 5, '2021-12-07 17:48:39.000000', '2021-12-07 17:48:39.000000'),
(124, NULL, 5, '2021-12-07 17:49:41.000000', '2021-12-07 17:49:41.000000'),
(125, NULL, 5, '2021-12-07 17:50:28.000000', '2021-12-07 17:50:28.000000'),
(126, NULL, 5, '2021-12-07 17:50:33.000000', '2021-12-07 17:50:33.000000'),
(127, NULL, 5, '2021-12-07 17:51:08.000000', '2021-12-07 17:51:08.000000'),
(128, NULL, 5, '2021-12-07 17:52:48.000000', '2021-12-07 17:52:48.000000'),
(129, NULL, 5, '2021-12-08 09:51:06.000000', '2021-12-08 09:51:06.000000'),
(130, NULL, 4, '2021-12-08 09:52:50.000000', '2021-12-08 09:52:50.000000'),
(131, NULL, 2, '2021-12-08 09:52:58.000000', '2021-12-08 09:52:58.000000'),
(132, NULL, 3, '2021-12-08 09:53:03.000000', '2021-12-08 09:53:03.000000'),
(133, NULL, 3, '2021-12-08 10:10:17.000000', '2021-12-08 10:10:17.000000'),
(134, NULL, 5, '2021-12-08 10:13:10.000000', '2021-12-08 10:13:10.000000'),
(135, NULL, 5, '2021-12-08 10:15:01.000000', '2021-12-08 10:15:01.000000'),
(136, NULL, 5, '2021-12-08 10:16:27.000000', '2021-12-08 10:16:27.000000'),
(137, NULL, 5, '2021-12-08 10:20:11.000000', '2021-12-08 10:20:11.000000'),
(138, NULL, 5, '2021-12-08 10:42:52.000000', '2021-12-08 10:42:52.000000'),
(139, NULL, 5, '2021-12-08 10:44:34.000000', '2021-12-08 10:44:34.000000'),
(140, NULL, 5, '2021-12-08 10:48:05.000000', '2021-12-08 10:48:05.000000'),
(141, NULL, 5, '2021-12-08 10:48:12.000000', '2021-12-08 10:48:12.000000'),
(142, NULL, 5, '2021-12-08 10:54:39.000000', '2021-12-08 10:54:39.000000'),
(143, NULL, 5, '2021-12-08 10:57:14.000000', '2021-12-08 10:57:14.000000'),
(144, NULL, 5, '2021-12-08 11:00:22.000000', '2021-12-08 11:00:22.000000'),
(145, NULL, 3, '2021-12-08 11:02:23.000000', '2021-12-08 11:02:23.000000'),
(146, NULL, 3, '2021-12-08 11:04:21.000000', '2021-12-08 11:04:21.000000'),
(147, NULL, 3, '2021-12-08 12:00:17.000000', '2021-12-08 12:00:17.000000'),
(148, NULL, 3, '2021-12-08 16:28:56.000000', '2021-12-08 16:28:56.000000'),
(149, NULL, 4, '2022-01-17 17:25:18.000000', '2022-01-17 17:25:18.000000'),
(150, NULL, 2, '2022-01-17 17:25:52.000000', '2022-01-17 17:25:52.000000'),
(151, NULL, 3, '2022-01-17 17:26:06.000000', '2022-01-17 17:26:06.000000'),
(152, NULL, 4, '2022-01-18 10:40:01.000000', '2022-01-18 10:40:01.000000'),
(153, NULL, 4, '2022-01-18 10:41:09.000000', '2022-01-18 10:41:09.000000'),
(154, NULL, 3, '2022-01-18 10:42:10.000000', '2022-01-18 10:42:10.000000'),
(155, NULL, 3, '2022-01-18 10:55:49.000000', '2022-01-18 10:55:49.000000'),
(156, NULL, 5, '2022-01-18 10:57:23.000000', '2022-01-18 10:57:23.000000'),
(157, NULL, 5, '2022-01-18 10:58:52.000000', '2022-01-18 10:58:52.000000'),
(158, NULL, 4, '2022-01-23 13:26:45.000000', '2022-01-23 13:26:45.000000'),
(159, NULL, 4, '2022-01-23 13:33:05.000000', '2022-01-23 13:33:05.000000'),
(160, NULL, 4, '2022-01-23 13:33:48.000000', '2022-01-23 13:33:48.000000'),
(161, NULL, 4, '2022-01-23 13:34:03.000000', '2022-01-23 13:34:03.000000'),
(162, NULL, 4, '2022-01-23 13:36:28.000000', '2022-01-23 13:36:28.000000'),
(163, NULL, 4, '2022-01-23 13:38:32.000000', '2022-01-23 13:38:32.000000'),
(164, NULL, 4, '2022-01-23 13:38:59.000000', '2022-01-23 13:38:59.000000'),
(165, NULL, 4, '2022-01-23 13:39:25.000000', '2022-01-23 13:39:25.000000'),
(166, NULL, 4, '2022-01-23 13:41:46.000000', '2022-01-23 13:41:46.000000'),
(167, NULL, 5, '2022-01-24 13:14:52.000000', '2022-01-24 13:14:52.000000'),
(168, NULL, 4, '2022-01-30 11:34:06.000000', '2022-01-30 11:34:06.000000'),
(169, NULL, 4, '2022-04-10 08:49:28.000000', '2022-04-10 08:49:28.000000'),
(170, NULL, 3, '2022-04-10 09:02:52.000000', '2022-04-10 09:02:52.000000'),
(171, NULL, 4, '2022-04-11 19:49:07.000000', '2022-04-11 19:49:07.000000'),
(172, NULL, 4, '2022-04-11 19:49:09.000000', '2022-04-11 19:49:09.000000'),
(173, NULL, 2, '2022-04-11 20:02:09.000000', '2022-04-11 20:02:09.000000'),
(174, NULL, 4, '2022-04-11 20:14:28.000000', '2022-04-11 20:14:28.000000'),
(175, NULL, 4, '2022-04-14 09:39:52.000000', '2022-04-14 09:39:52.000000'),
(176, NULL, 4, '2022-05-16 12:47:31.000000', '2022-05-16 12:47:31.000000'),
(177, NULL, 4, '2022-05-16 13:06:41.000000', '2022-05-16 13:06:41.000000'),
(178, NULL, 4, '2022-05-16 13:11:04.000000', '2022-05-16 13:11:04.000000'),
(179, NULL, 2, '2022-05-16 13:11:34.000000', '2022-05-16 13:11:34.000000'),
(180, NULL, 4, '2022-05-16 13:12:01.000000', '2022-05-16 13:12:01.000000'),
(181, NULL, 4, '2022-05-16 13:15:09.000000', '2022-05-16 13:15:09.000000'),
(182, NULL, 3, '2022-05-16 13:16:37.000000', '2022-05-16 13:16:37.000000'),
(183, NULL, 2, '2022-05-16 13:17:00.000000', '2022-05-16 13:17:00.000000'),
(184, NULL, 3, '2022-05-16 13:17:47.000000', '2022-05-16 13:17:47.000000'),
(185, NULL, 2, '2022-05-16 14:44:32.000000', '2022-05-16 14:44:32.000000'),
(186, NULL, 2, '2022-05-16 14:45:15.000000', '2022-05-16 14:45:15.000000'),
(187, NULL, 2, '2022-05-16 14:45:50.000000', '2022-05-16 14:45:50.000000'),
(188, NULL, 2, '2022-05-16 14:46:47.000000', '2022-05-16 14:46:47.000000'),
(189, NULL, 2, '2022-05-16 14:49:25.000000', '2022-05-16 14:49:25.000000'),
(190, NULL, 5, '2022-05-16 14:49:30.000000', '2022-05-16 14:49:30.000000'),
(191, NULL, 4, '2022-05-16 14:52:37.000000', '2022-05-16 14:52:37.000000'),
(192, NULL, 3, '2022-05-16 14:53:11.000000', '2022-05-16 14:53:11.000000'),
(193, NULL, 3, '2022-05-16 14:53:18.000000', '2022-05-16 14:53:18.000000'),
(194, NULL, 3, '2022-05-16 14:54:41.000000', '2022-05-16 14:54:41.000000'),
(195, NULL, 2, '2022-05-16 14:55:05.000000', '2022-05-16 14:55:05.000000'),
(196, NULL, 5, '2022-05-16 14:55:14.000000', '2022-05-16 14:55:14.000000'),
(197, NULL, 2, '2022-05-16 14:56:50.000000', '2022-05-16 14:56:50.000000'),
(198, NULL, 4, '2022-05-16 15:03:25.000000', '2022-05-16 15:03:25.000000'),
(199, NULL, 4, '2022-05-16 15:06:31.000000', '2022-05-16 15:06:31.000000'),
(200, NULL, 4, '2022-05-16 15:07:12.000000', '2022-05-16 15:07:12.000000'),
(201, NULL, 2, '2022-05-16 22:23:24.000000', '2022-05-16 22:23:24.000000'),
(202, NULL, 3, '2022-05-16 22:23:30.000000', '2022-05-16 22:23:30.000000'),
(203, NULL, 4, '2022-05-16 22:23:35.000000', '2022-05-16 22:23:35.000000'),
(204, NULL, 5, '2022-05-16 22:23:40.000000', '2022-05-16 22:23:40.000000'),
(205, NULL, 2, '2022-05-18 03:29:54.000000', '2022-05-18 03:29:54.000000'),
(206, NULL, 3, '2022-05-18 04:13:46.000000', '2022-05-18 04:13:46.000000'),
(207, NULL, 4, '2022-05-18 05:01:14.000000', '2022-05-18 05:01:14.000000'),
(208, NULL, 5, '2022-05-18 05:48:10.000000', '2022-05-18 05:48:10.000000'),
(209, NULL, 4, '2022-05-18 11:21:49.000000', '2022-05-18 11:21:49.000000'),
(210, NULL, 2, '2022-05-19 21:41:43.000000', '2022-05-19 21:41:43.000000'),
(211, NULL, 3, '2022-05-19 21:41:44.000000', '2022-05-19 21:41:44.000000'),
(212, NULL, 4, '2022-05-19 21:41:46.000000', '2022-05-19 21:41:46.000000'),
(213, NULL, 5, '2022-05-19 21:41:49.000000', '2022-05-19 21:41:49.000000'),
(214, NULL, 4, '2022-05-21 17:38:49.000000', '2022-05-21 17:38:49.000000'),
(215, NULL, 4, '2022-05-21 17:39:07.000000', '2022-05-21 17:39:07.000000'),
(216, NULL, 2, '2022-05-24 17:04:48.000000', '2022-05-24 17:04:48.000000'),
(217, NULL, 3, '2022-05-24 17:04:58.000000', '2022-05-24 17:04:58.000000'),
(218, NULL, 4, '2022-05-24 17:05:12.000000', '2022-05-24 17:05:12.000000'),
(219, NULL, 5, '2022-05-24 17:05:21.000000', '2022-05-24 17:05:21.000000'),
(220, NULL, 4, '2022-05-25 08:59:22.000000', '2022-05-25 08:59:22.000000'),
(221, NULL, 4, '2022-05-25 08:59:29.000000', '2022-05-25 08:59:29.000000'),
(222, NULL, 4, '2022-05-25 09:01:10.000000', '2022-05-25 09:01:10.000000'),
(223, NULL, 2, '2022-05-25 09:01:32.000000', '2022-05-25 09:01:32.000000'),
(224, NULL, 5, '2022-05-26 22:37:06.000000', '2022-05-26 22:37:06.000000'),
(225, NULL, 4, '2022-05-29 11:47:55.000000', '2022-05-29 11:47:55.000000'),
(226, NULL, 2, '2022-05-29 13:33:04.000000', '2022-05-29 13:33:04.000000'),
(227, NULL, 3, '2022-05-29 14:08:26.000000', '2022-05-29 14:08:26.000000'),
(228, NULL, 2, '2022-05-29 14:50:35.000000', '2022-05-29 14:50:35.000000'),
(229, NULL, 3, '2022-05-29 14:51:01.000000', '2022-05-29 14:51:01.000000'),
(230, NULL, 4, '2022-05-29 14:51:24.000000', '2022-05-29 14:51:24.000000'),
(231, NULL, 5, '2022-05-29 14:51:44.000000', '2022-05-29 14:51:44.000000'),
(232, NULL, 5, '2022-05-29 15:49:36.000000', '2022-05-29 15:49:36.000000'),
(233, NULL, 5, '2022-05-29 15:54:40.000000', '2022-05-29 15:54:40.000000'),
(234, NULL, 5, '2022-05-29 15:57:04.000000', '2022-05-29 15:57:04.000000'),
(235, NULL, 5, '2022-05-29 16:10:14.000000', '2022-05-29 16:10:14.000000'),
(236, NULL, 5, '2022-05-29 16:15:30.000000', '2022-05-29 16:15:30.000000'),
(237, NULL, 5, '2022-05-29 16:15:32.000000', '2022-05-29 16:15:32.000000'),
(238, NULL, 5, '2022-05-29 16:15:41.000000', '2022-05-29 16:15:41.000000'),
(239, NULL, 5, '2022-05-29 16:15:50.000000', '2022-05-29 16:15:50.000000'),
(240, NULL, 5, '2022-05-29 16:20:22.000000', '2022-05-29 16:20:22.000000'),
(241, NULL, 5, '2022-05-29 16:20:28.000000', '2022-05-29 16:20:28.000000'),
(242, NULL, 5, '2022-05-29 16:23:19.000000', '2022-05-29 16:23:19.000000'),
(243, NULL, 5, '2022-05-29 16:23:25.000000', '2022-05-29 16:23:25.000000'),
(244, NULL, 5, '2022-05-29 16:23:53.000000', '2022-05-29 16:23:53.000000'),
(245, NULL, 5, '2022-05-29 16:24:01.000000', '2022-05-29 16:24:01.000000'),
(246, NULL, 5, '2022-05-29 16:24:28.000000', '2022-05-29 16:24:28.000000'),
(247, NULL, 5, '2022-05-29 16:26:27.000000', '2022-05-29 16:26:27.000000'),
(248, NULL, 5, '2022-05-29 16:32:42.000000', '2022-05-29 16:32:42.000000'),
(249, NULL, 5, '2022-05-29 16:32:51.000000', '2022-05-29 16:32:51.000000'),
(250, NULL, 5, '2022-05-29 16:34:21.000000', '2022-05-29 16:34:21.000000'),
(251, NULL, 5, '2022-05-29 16:34:26.000000', '2022-05-29 16:34:26.000000'),
(252, NULL, 5, '2022-05-29 16:35:04.000000', '2022-05-29 16:35:04.000000'),
(253, NULL, 5, '2022-05-29 16:37:36.000000', '2022-05-29 16:37:36.000000'),
(254, NULL, 5, '2022-05-29 16:40:07.000000', '2022-05-29 16:40:07.000000'),
(255, NULL, 5, '2022-05-29 16:40:22.000000', '2022-05-29 16:40:22.000000'),
(256, NULL, 5, '2022-05-29 16:43:19.000000', '2022-05-29 16:43:19.000000'),
(257, NULL, 5, '2022-05-29 16:43:24.000000', '2022-05-29 16:43:24.000000'),
(258, NULL, 5, '2022-05-29 16:44:20.000000', '2022-05-29 16:44:20.000000'),
(259, NULL, 5, '2022-05-29 16:44:21.000000', '2022-05-29 16:44:21.000000'),
(260, NULL, 5, '2022-05-29 16:44:25.000000', '2022-05-29 16:44:25.000000'),
(261, NULL, 5, '2022-05-29 16:49:52.000000', '2022-05-29 16:49:52.000000'),
(262, NULL, 5, '2022-05-29 16:49:56.000000', '2022-05-29 16:49:56.000000'),
(263, NULL, 5, '2022-05-29 17:09:56.000000', '2022-05-29 17:09:56.000000'),
(264, NULL, 5, '2022-05-29 17:10:15.000000', '2022-05-29 17:10:15.000000'),
(265, NULL, 5, '2022-05-29 17:11:04.000000', '2022-05-29 17:11:04.000000'),
(266, NULL, 5, '2022-05-29 17:11:14.000000', '2022-05-29 17:11:14.000000'),
(267, NULL, 5, '2022-05-29 17:12:56.000000', '2022-05-29 17:12:56.000000'),
(268, NULL, 5, '2022-05-29 17:13:04.000000', '2022-05-29 17:13:04.000000'),
(269, NULL, 5, '2022-05-29 17:25:43.000000', '2022-05-29 17:25:43.000000'),
(270, NULL, 5, '2022-05-29 17:25:54.000000', '2022-05-29 17:25:54.000000'),
(271, NULL, 5, '2022-05-29 17:27:23.000000', '2022-05-29 17:27:23.000000'),
(272, NULL, 5, '2022-05-29 17:27:31.000000', '2022-05-29 17:27:31.000000'),
(273, NULL, 2, '2022-05-29 17:28:57.000000', '2022-05-29 17:28:57.000000'),
(274, NULL, 2, '2022-05-29 17:29:08.000000', '2022-05-29 17:29:08.000000'),
(275, NULL, 5, '2022-05-29 17:30:09.000000', '2022-05-29 17:30:09.000000'),
(276, NULL, 2, '2022-05-31 04:30:17.000000', '2022-05-31 04:30:17.000000'),
(277, NULL, 5, '2022-05-31 09:24:17.000000', '2022-05-31 09:24:17.000000'),
(278, NULL, 5, '2022-05-31 09:28:54.000000', '2022-05-31 09:28:54.000000'),
(279, NULL, 3, '2022-05-31 09:33:30.000000', '2022-05-31 09:33:30.000000'),
(280, NULL, 5, '2022-05-31 09:35:34.000000', '2022-05-31 09:35:34.000000'),
(281, NULL, 3, '2022-05-31 09:37:18.000000', '2022-05-31 09:37:18.000000'),
(282, NULL, 5, '2022-05-31 09:39:22.000000', '2022-05-31 09:39:22.000000'),
(283, NULL, 5, '2022-05-31 09:47:45.000000', '2022-05-31 09:47:45.000000'),
(284, NULL, 5, '2022-05-31 10:15:09.000000', '2022-05-31 10:15:09.000000'),
(285, NULL, 5, '2022-05-31 10:15:09.000000', '2022-05-31 10:15:09.000000'),
(286, NULL, 5, '2022-05-31 10:16:20.000000', '2022-05-31 10:16:20.000000'),
(287, NULL, 5, '2022-05-31 10:18:41.000000', '2022-05-31 10:18:41.000000'),
(288, NULL, 5, '2022-05-31 10:19:32.000000', '2022-05-31 10:19:32.000000'),
(289, NULL, 5, '2022-05-31 10:19:58.000000', '2022-05-31 10:19:58.000000'),
(290, NULL, 5, '2022-05-31 10:21:20.000000', '2022-05-31 10:21:20.000000'),
(291, NULL, 5, '2022-05-31 10:28:23.000000', '2022-05-31 10:28:23.000000'),
(292, NULL, 5, '2022-05-31 10:32:22.000000', '2022-05-31 10:32:22.000000'),
(293, NULL, 5, '2022-05-31 10:32:32.000000', '2022-05-31 10:32:32.000000'),
(294, NULL, 5, '2022-05-31 10:32:51.000000', '2022-05-31 10:32:51.000000'),
(295, NULL, 5, '2022-05-31 10:32:53.000000', '2022-05-31 10:32:53.000000'),
(296, NULL, 5, '2022-05-31 10:35:21.000000', '2022-05-31 10:35:21.000000'),
(297, NULL, 5, '2022-05-31 10:37:36.000000', '2022-05-31 10:37:36.000000'),
(298, NULL, 5, '2022-05-31 10:39:30.000000', '2022-05-31 10:39:30.000000'),
(299, NULL, 5, '2022-05-31 10:40:47.000000', '2022-05-31 10:40:47.000000'),
(300, NULL, 4, '2022-05-31 11:01:52.000000', '2022-05-31 11:01:52.000000'),
(301, NULL, 2, '2022-05-31 11:02:36.000000', '2022-05-31 11:02:36.000000'),
(302, NULL, 5, '2022-05-31 11:03:54.000000', '2022-05-31 11:03:54.000000'),
(303, NULL, 3, '2022-05-31 11:07:20.000000', '2022-05-31 11:07:20.000000'),
(304, NULL, 5, '2022-05-31 11:15:31.000000', '2022-05-31 11:15:31.000000'),
(305, NULL, 5, '2022-05-31 11:22:16.000000', '2022-05-31 11:22:16.000000'),
(306, NULL, 4, '2022-05-31 11:27:53.000000', '2022-05-31 11:27:53.000000'),
(307, NULL, 4, '2022-05-31 11:30:02.000000', '2022-05-31 11:30:02.000000'),
(308, NULL, 2, '2022-05-31 11:30:10.000000', '2022-05-31 11:30:10.000000'),
(309, NULL, 3, '2022-05-31 11:31:55.000000', '2022-05-31 11:31:55.000000'),
(310, NULL, 2, '2022-05-31 11:33:07.000000', '2022-05-31 11:33:07.000000'),
(311, NULL, 3, '2022-05-31 11:34:23.000000', '2022-05-31 11:34:23.000000'),
(312, NULL, 2, '2022-05-31 11:37:06.000000', '2022-05-31 11:37:06.000000'),
(313, NULL, 2, '2022-05-31 11:38:49.000000', '2022-05-31 11:38:49.000000'),
(314, NULL, 2, '2022-05-31 11:42:25.000000', '2022-05-31 11:42:25.000000'),
(315, NULL, 2, '2022-05-31 11:43:42.000000', '2022-05-31 11:43:42.000000'),
(316, NULL, 2, '2022-05-31 11:49:00.000000', '2022-05-31 11:49:00.000000'),
(317, NULL, 5, '2022-05-31 11:50:03.000000', '2022-05-31 11:50:03.000000'),
(318, NULL, 5, '2022-05-31 11:55:53.000000', '2022-05-31 11:55:53.000000'),
(319, NULL, 5, '2022-05-31 11:57:55.000000', '2022-05-31 11:57:55.000000'),
(320, NULL, 2, '2022-05-31 12:03:28.000000', '2022-05-31 12:03:28.000000'),
(321, NULL, 4, '2022-05-31 12:04:17.000000', '2022-05-31 12:04:17.000000'),
(322, NULL, 4, '2022-05-31 12:05:19.000000', '2022-05-31 12:05:19.000000'),
(323, NULL, 5, '2022-05-31 12:19:18.000000', '2022-05-31 12:19:18.000000'),
(324, NULL, 5, '2022-05-31 13:13:12.000000', '2022-05-31 13:13:12.000000'),
(325, NULL, 2, '2022-05-31 13:18:48.000000', '2022-05-31 13:18:48.000000'),
(326, NULL, 2, '2022-05-31 15:12:50.000000', '2022-05-31 15:12:50.000000'),
(327, NULL, 2, '2022-05-31 15:18:01.000000', '2022-05-31 15:18:01.000000'),
(328, NULL, 2, '2022-05-31 15:18:52.000000', '2022-05-31 15:18:52.000000'),
(329, NULL, 2, '2022-05-31 15:20:17.000000', '2022-05-31 15:20:17.000000'),
(330, NULL, 5, '2022-05-31 15:39:53.000000', '2022-05-31 15:39:53.000000'),
(331, NULL, 4, '2022-05-31 16:47:02.000000', '2022-05-31 16:47:02.000000'),
(332, NULL, 2, '2022-05-31 22:42:02.000000', '2022-05-31 22:42:02.000000'),
(333, NULL, 2, '2022-06-01 10:50:31.000000', '2022-06-01 10:50:31.000000'),
(334, NULL, 3, '2022-06-01 10:50:54.000000', '2022-06-01 10:50:54.000000'),
(335, NULL, 5, '2022-06-01 14:26:06.000000', '2022-06-01 14:26:06.000000'),
(336, NULL, 3, '2022-06-01 14:30:38.000000', '2022-06-01 14:30:38.000000'),
(337, NULL, 2, '2022-06-02 09:06:39.000000', '2022-06-02 09:06:39.000000'),
(338, NULL, 5, '2022-06-02 09:06:52.000000', '2022-06-02 09:06:52.000000'),
(339, NULL, 5, '2022-06-02 09:13:10.000000', '2022-06-02 09:13:10.000000'),
(340, NULL, 3, '2022-06-02 09:15:32.000000', '2022-06-02 09:15:32.000000'),
(341, NULL, 4, '2022-06-02 09:16:57.000000', '2022-06-02 09:16:57.000000'),
(342, NULL, 4, '2022-06-02 09:18:49.000000', '2022-06-02 09:18:49.000000'),
(343, NULL, 4, '2022-06-02 09:19:10.000000', '2022-06-02 09:19:10.000000'),
(344, NULL, 4, '2022-06-02 09:19:37.000000', '2022-06-02 09:19:37.000000'),
(345, NULL, 5, '2022-06-02 11:21:46.000000', '2022-06-02 11:21:46.000000'),
(346, NULL, 5, '2022-06-02 12:09:01.000000', '2022-06-02 12:09:01.000000'),
(347, NULL, 3, '2022-06-02 12:39:16.000000', '2022-06-02 12:39:16.000000'),
(348, NULL, 5, '2022-06-02 12:41:21.000000', '2022-06-02 12:41:21.000000');

-- --------------------------------------------------------

--
-- Table structure for table `examtopics`
--

CREATE TABLE `examtopics` (
  `id` int(10) NOT NULL,
  `topics_name` varchar(100) NOT NULL,
  `total_question` int(4) NOT NULL,
  `total_marks` int(4) NOT NULL,
  `created_at` timestamp NULL DEFAULT NULL,
  `updated_at` timestamp NULL DEFAULT NULL
) ENGINE=InnoDB DEFAULT CHARSET=latin1;

--
-- Dumping data for table `examtopics`
--

INSERT INTO `examtopics` (`id`, `topics_name`, `total_question`, `total_marks`, `created_at`, `updated_at`) VALUES
(5, 'Math Basic', 20, 20, '2021-11-07 12:35:10', '2021-11-07 12:35:10');

-- --------------------------------------------------------

--
-- Table structure for table `failed_jobs`
--

CREATE TABLE `failed_jobs` (
  `id` bigint(20) UNSIGNED NOT NULL,
  `uuid` varchar(255) COLLATE utf8mb4_unicode_ci NOT NULL,
  `connection` text COLLATE utf8mb4_unicode_ci NOT NULL,
  `queue` text COLLATE utf8mb4_unicode_ci NOT NULL,
  `payload` longtext COLLATE utf8mb4_unicode_ci NOT NULL,
  `exception` longtext COLLATE utf8mb4_unicode_ci NOT NULL,
  `failed_at` timestamp NOT NULL DEFAULT current_timestamp()
) ENGINE=InnoDB DEFAULT CHARSET=utf8mb4 COLLATE=utf8mb4_unicode_ci;

-- --------------------------------------------------------

--
-- Table structure for table `file`
--

CREATE TABLE `file` (
  `id` int(11) NOT NULL,
  `name` varchar(100) DEFAULT NULL,
  `file_path` varchar(100) DEFAULT NULL,
  `created_at` timestamp NULL DEFAULT NULL,
  `updated_at` timestamp NULL DEFAULT NULL
) ENGINE=InnoDB DEFAULT CHARSET=latin1;

--
-- Dumping data for table `file`
--

INSERT INTO `file` (`id`, `name`, `file_path`, `created_at`, `updated_at`) VALUES
(1, 'abc', 'ddd', '2021-05-15 02:46:07', '2021-05-15 02:46:07'),
(2, 'C:\\xampp\\tmp\\php807F.tmp', '/storage/public/C:\\xampp\\tmp\\php807F.tmp', '2021-05-15 04:03:54', '2021-05-15 04:03:54'),
(3, '76647895_716783715470883_5929422589461004288_o.jpg', 'uploads/76647895_716783715470883_5929422589461004288_o.jpg', '2021-05-15 04:43:01', '2021-05-15 04:43:01'),
(4, 'vcc.JPG', 'uploads/vcc.JPG', '2021-05-15 04:48:22', '2021-05-15 04:48:22'),
(5, 'lanbena.jpg', 'uploads/lanbena.jpg', '2021-05-15 10:23:14', '2021-05-15 10:23:14'),
(6, 'prisoner.jpg', 'uploads/prisoner.jpg', '2021-05-15 10:25:30', '2021-05-15 10:25:30'),
(7, 'vcc.JPG', 'uploads/vcc.JPG', '2021-05-15 10:48:00', '2021-05-15 10:48:00'),
(8, 't.jpg', 'public/53723689_2560781113996791_4444973345254932480_o.jpg', '2021-05-15 10:49:50', '2021-05-15 10:49:50');

-- --------------------------------------------------------

--
-- Table structure for table `freelancer`
--

CREATE TABLE `freelancer` (
  `id` int(11) NOT NULL,
  `name` varchar(50) NOT NULL,
  `email` varchar(50) NOT NULL,
  `phone` varchar(100) NOT NULL,
  `webdevlopment` varchar(30) DEFAULT NULL,
  `webdesigning` varchar(30) DEFAULT NULL,
  `graphicsdesigning` varchar(30) DEFAULT NULL,
  `others` varchar(30) DEFAULT NULL,
  `educationlevel` varchar(30) DEFAULT NULL,
  `institution` varchar(55) DEFAULT NULL,
  `username` varchar(30) DEFAULT NULL,
  `password` varchar(100) DEFAULT NULL,
  `created_at` timestamp NULL DEFAULT NULL,
  `updated_at` timestamp NULL DEFAULT NULL
) ENGINE=InnoDB DEFAULT CHARSET=latin1;

--
-- Dumping data for table `freelancer`
--

INSERT INTO `freelancer` (`id`, `name`, `email`, `phone`, `webdevlopment`, `webdesigning`, `graphicsdesigning`, `others`, `educationlevel`, `institution`, `username`, `password`, `created_at`, `updated_at`) VALUES
(5, 'MD. NAYEM', 'mdnayem.cse21@gmail.com', '01999791578', 'Yes', NULL, NULL, NULL, 'B.Sc', 'North Western University', 'mdnayem.cse21@gmail.com', '12345678', '2022-05-29 09:26:44', '2022-05-29 09:26:44'),
(6, 'test', 'text@gmail.com', '01714087220', NULL, NULL, 'Yes', NULL, 'B.Sc', 'KU', 'test@gmail.com', '12345678', '2022-05-29 11:31:10', '2022-05-29 11:31:10'),
(7, 'test', 'text@gmail.com', '01999791578', NULL, 'Yes', NULL, NULL, 'B.Sc', 'NU', 'test@gmail.com', '12345678', '2022-05-29 11:35:51', '2022-05-29 11:35:51'),
(8, 'MD. NAYEM', 'mdnayem.cse21@gmail.com', '01999791578', 'Yes', NULL, NULL, NULL, 'B.Sc', 'North Western University', 'mdnayem.cse21@gmail.com', '12345678', '2022-05-29 11:41:54', '2022-05-29 11:41:54'),
(9, 'Arman', 'arman.hub.bd1@gmail.com', '01632109022', 'Yes', NULL, NULL, NULL, 'bsc', 'hub', 'arman1', '1234567890', '2022-05-29 12:50:29', '2022-05-29 12:50:29');

-- --------------------------------------------------------

--
-- Table structure for table `inquiries`
--

CREATE TABLE `inquiries` (
  `id` bigint(10) NOT NULL,
  `name` varchar(255) NOT NULL,
  `email` varchar(255) NOT NULL,
  `number` varchar(255) NOT NULL,
  `address` varchar(255) DEFAULT NULL,
  `purpose` varchar(255) DEFAULT NULL,
  `institution` varchar(255) DEFAULT NULL,
  `selection` varchar(255) NOT NULL,
  `created_at` timestamp NULL DEFAULT NULL,
  `updated_at` timestamp NULL DEFAULT NULL
) ENGINE=MyISAM DEFAULT CHARSET=latin1;

--
-- Dumping data for table `inquiries`
--

INSERT INTO `inquiries` (`id`, `name`, `email`, `number`, `address`, `purpose`, `institution`, `selection`, `created_at`, `updated_at`) VALUES
(4, 'Samir Ahmed', 'samir@gmail.com', '01521455190', 'Khulna', 'Bank Job', 'KCC', 'Esquare', '2021-11-18 17:23:38', '2021-11-18 17:23:38'),
(5, 'Asma Wazed', 'asma@gmail.com', '0187097216', 'Khulna', 'Bank Job', 'Unknown', 'Esquare', '2021-11-18 17:25:27', '2021-11-18 17:25:27'),
(6, 'Jakir Hossen Jewel', 'a', '01611327777', 'Gobor Chaka, Khulna', 'IBA-MBA', 'Bubt', 'Esquare', '2021-11-18 17:28:14', '2021-11-18 17:28:14'),
(7, 'Bapi', 'bapi@gmail.com', '01997695015', 'Terokhada', 'Bank Job', 'NU', 'Esquare', '2021-11-18 17:30:04', '2022-01-23 11:03:34'),
(8, 'Puza Sarkar', 'p', '01855061477', 'Khulna', 'Bank Job', 'Unknown', 'Esquare', '2021-11-18 17:31:18', '2021-11-18 17:31:18'),
(10, 'MD. NAYEM', 'mdnayem.cse21@gmail.com', '01555768756', 'Najirghat Cross Road, Hajibari, Nirala', 'Bank Job Preparation', 'North Western University', 'Plan2Career', '2022-04-18 12:38:17', '2022-04-24 11:27:09');

-- --------------------------------------------------------

--
-- Table structure for table `migrations`
--

CREATE TABLE `migrations` (
  `id` int(10) UNSIGNED NOT NULL,
  `migration` varchar(255) COLLATE utf8mb4_unicode_ci NOT NULL,
  `batch` int(11) NOT NULL
) ENGINE=InnoDB DEFAULT CHARSET=utf8mb4 COLLATE=utf8mb4_unicode_ci;

--
-- Dumping data for table `migrations`
--

INSERT INTO `migrations` (`id`, `migration`, `batch`) VALUES
(1, '2014_10_12_000000_create_users_table', 1),
(2, '2014_10_12_100000_create_password_resets_table', 1),
(3, '2019_08_19_000000_create_failed_jobs_table', 1),
(4, '2021_11_04_102357_create_quizes_table', 2);

-- --------------------------------------------------------

--
-- Table structure for table `orders`
--

CREATE TABLE `orders` (
  `id` int(10) UNSIGNED NOT NULL,
  `user_id` int(10) UNSIGNED DEFAULT NULL,
  `payment_id` int(10) UNSIGNED DEFAULT NULL,
  `ip_address` varchar(255) COLLATE utf8mb4_unicode_ci DEFAULT NULL,
  `name` varchar(255) COLLATE utf8mb4_unicode_ci NOT NULL,
  `phone_no` varchar(255) COLLATE utf8mb4_unicode_ci NOT NULL,
  `other_costs` text COLLATE utf8mb4_unicode_ci DEFAULT '0',
  `email` varchar(255) COLLATE utf8mb4_unicode_ci DEFAULT NULL,
  `message` text COLLATE utf8mb4_unicode_ci DEFAULT NULL,
  `is_paid` tinyint(1) NOT NULL DEFAULT 0,
  `is_completed` tinyint(1) NOT NULL DEFAULT 0,
  `is_seen_by_admin` tinyint(1) NOT NULL DEFAULT 0,
  `transaction_id` varchar(255) COLLATE utf8mb4_unicode_ci DEFAULT NULL,
  `status` varchar(30) COLLATE utf8mb4_unicode_ci NOT NULL DEFAULT 'Pending',
  `created_at` timestamp NULL DEFAULT NULL,
  `updated_at` timestamp NULL DEFAULT NULL
) ENGINE=MyISAM DEFAULT CHARSET=utf8mb4 COLLATE=utf8mb4_unicode_ci;

--
-- Dumping data for table `orders`
--

INSERT INTO `orders` (`id`, `user_id`, `payment_id`, `ip_address`, `name`, `phone_no`, `other_costs`, `email`, `message`, `is_paid`, `is_completed`, `is_seen_by_admin`, `transaction_id`, `status`, `created_at`, `updated_at`) VALUES
(1, 15, 1, '103.150.6.14', 'NWU', '+8801714087220', NULL, 'drnowsherali07@gmail.com', 'No', 0, 0, 0, NULL, 'Pending', '2021-12-14 14:49:37', '2021-12-14 14:49:37'),
(2, NULL, 1, '103.150.6.14', 'MD. NAYEM', '01999791578', NULL, 'mdnayem.cse21@gmail.com', 'jhgujy', 0, 0, 0, NULL, 'Pending', '2022-01-02 14:30:53', '2022-01-02 14:30:53'),
(3, NULL, 1, '103.150.6.14', 'ssds', '01999791578', NULL, 'mdnayem.cse21@gmail.com', 'sddd', 0, 0, 0, '12345678', 'Pending', '2022-01-30 11:26:44', '2022-01-30 11:26:44');

-- --------------------------------------------------------

--
-- Table structure for table `password_resets`
--

CREATE TABLE `password_resets` (
  `email` varchar(255) COLLATE utf8mb4_unicode_ci NOT NULL,
  `token` varchar(255) COLLATE utf8mb4_unicode_ci NOT NULL,
  `created_at` timestamp NULL DEFAULT NULL
) ENGINE=InnoDB DEFAULT CHARSET=utf8mb4 COLLATE=utf8mb4_unicode_ci;

--
-- Dumping data for table `password_resets`
--

INSERT INTO `password_resets` (`email`, `token`, `created_at`) VALUES
('shamimreza.11205036@gmail.com', '$2y$10$.6GmcFO4ZYxn6uNKVZkV5eSGsdtUjRM8II2H9ykTOmo2Iw2HClaQ.', '2021-08-07 07:14:03'),
('mdnayem.cse21@gmail.com', '$2y$10$Wu1mwCvI3ytmy4XbOoTqrOUbgyfFu5GrbS86jB8WpWfJGftC/jsge', '2021-11-04 09:06:16'),
('nayemmd.cse21@gmail.com', '$2y$10$4H2ahjYPGWkQvQkB.Hi7guXhPoDYPx50ovhTgaryCU3K2H1iUQd1i', '2021-11-04 09:06:33');

-- --------------------------------------------------------

--
-- Table structure for table `payments`
--

CREATE TABLE `payments` (
  `id` int(10) UNSIGNED NOT NULL,
  `name` varchar(255) COLLATE utf8mb4_unicode_ci NOT NULL,
  `image` varchar(255) COLLATE utf8mb4_unicode_ci DEFAULT NULL,
  `priority` tinyint(4) NOT NULL DEFAULT 1,
  `short_name` varchar(255) COLLATE utf8mb4_unicode_ci NOT NULL,
  `no` varchar(255) COLLATE utf8mb4_unicode_ci DEFAULT NULL COMMENT 'Payment No',
  `type` varchar(255) COLLATE utf8mb4_unicode_ci DEFAULT NULL COMMENT 'agent|personal',
  `created_at` timestamp NULL DEFAULT NULL,
  `updated_at` timestamp NULL DEFAULT NULL
) ENGINE=MyISAM DEFAULT CHARSET=utf8mb4 COLLATE=utf8mb4_unicode_ci;

--
-- Dumping data for table `payments`
--

INSERT INTO `payments` (`id`, `name`, `image`, `priority`, `short_name`, `no`, `type`, `created_at`, `updated_at`) VALUES
(1, 'Cash In', NULL, 1, 'cash_in', NULL, NULL, '2021-11-03 13:31:05', '2021-11-03 13:31:05'),
(2, 'bKash', NULL, 2, 'baksh', NULL, NULL, '2021-11-03 13:32:05', '2021-11-03 13:32:05'),
(3, 'Rocket', NULL, 3, 'rocket', NULL, NULL, '2021-11-03 13:32:35', '2021-11-03 13:32:35');

-- --------------------------------------------------------

--
-- Table structure for table `question`
--

CREATE TABLE `question` (
  `id` int(10) NOT NULL,
  `exam_id` int(10) DEFAULT NULL,
  `question` varchar(200) NOT NULL,
  `option1` varchar(50) NOT NULL,
  `option2` varchar(50) NOT NULL,
  `option3` varchar(50) NOT NULL,
  `option4` varchar(50) NOT NULL,
  `answer` varchar(50) NOT NULL,
  `note` varchar(200) DEFAULT NULL,
  `hints` varchar(200) DEFAULT NULL,
  `created_at` timestamp NULL DEFAULT NULL,
  `updated_at` timestamp NULL DEFAULT NULL
) ENGINE=InnoDB DEFAULT CHARSET=latin1;

--
-- Dumping data for table `question`
--

INSERT INTO `question` (`id`, `exam_id`, `question`, `option1`, `option2`, `option3`, `option4`, `answer`, `note`, `hints`, `created_at`, `updated_at`) VALUES
(1, 5, 'Which is a Vowel?', 'D', 'A', 'N', 'M', 'A', 'no note', 'no hints', NULL, '2022-01-23 12:55:14'),
(2, 3, 'Who invent Ven Diagram?', 'Aristotol', 'Pythagoras', 'Newton', 'John Venn', 'John Venn', 'no', 'no', NULL, '2021-11-09 13:44:26'),
(5, 2, 'Where Sundarban is Located?', 'Jessore', 'Dinajpur', 'Khulna', 'Rajshahi', 'Khulna', NULL, NULL, '2021-11-08 16:56:29', '2021-11-09 13:44:57'),
(6, 3, 'How many types of sets are there?', '2', '3', '4', '5', '2', NULL, NULL, '2021-11-10 13:54:53', '2021-11-10 13:54:53'),
(7, 5, 'How many types of tense are there?', '2', '3', '4', '5', '3', NULL, NULL, '2021-12-06 15:13:50', '2021-12-06 15:13:50'),
(8, 5, 'How many types of voice are there?', '1', '2', '3', '4', '2', NULL, NULL, '2021-12-06 15:36:56', '2021-12-06 15:36:56'),
(9, 4, 'What is Your Name?', 'A', 'B', 'C', 'D', 'D', NULL, NULL, '2021-12-07 11:17:47', '2021-12-07 11:18:30'),
(10, 5, 'What is the Capital of Bangladesh?', 'Dhaka', 'Khulna', 'Sylehet', 'Jessore', 'Dhaka', NULL, NULL, '2021-12-08 10:47:42', '2021-12-08 10:47:42'),
(11, 4, 'Where are you From?', 'Dhaka', 'Khulna', 'Sylehet', 'Jessore', 'Khulna', NULL, NULL, '2022-01-23 12:54:57', '2022-01-23 12:54:57');

-- --------------------------------------------------------

--
-- Table structure for table `quizes`
--

CREATE TABLE `quizes` (
  `id` int(10) UNSIGNED NOT NULL,
  `quiz_name` varchar(255) COLLATE utf8mb4_unicode_ci DEFAULT NULL,
  `description` varchar(255) COLLATE utf8mb4_unicode_ci DEFAULT NULL,
  `quiz_date` varchar(255) COLLATE utf8mb4_unicode_ci DEFAULT NULL,
  `quiz_time` varchar(255) COLLATE utf8mb4_unicode_ci DEFAULT NULL,
  `number_of_question` varchar(255) COLLATE utf8mb4_unicode_ci DEFAULT NULL,
  `status` varchar(255) COLLATE utf8mb4_unicode_ci NOT NULL DEFAULT '1',
  `created_at` timestamp NULL DEFAULT NULL,
  `updated_at` timestamp NULL DEFAULT NULL
) ENGINE=MyISAM DEFAULT CHARSET=utf8mb4 COLLATE=utf8mb4_unicode_ci;

--
-- Dumping data for table `quizes`
--

INSERT INTO `quizes` (`id`, `quiz_name`, `description`, `quiz_date`, `quiz_time`, `number_of_question`, `status`, `created_at`, `updated_at`) VALUES
(4, 'Math Intermediate', 'Triangle', '2021-11-11', '15:00', '15', '1', '2021-11-08 15:32:54', '2022-01-23 13:24:55'),
(2, 'Math Basic', 'Set and Function', '2021-11-08', '15:00', '15', '1', '2021-11-08 15:26:34', '2021-11-08 15:26:34'),
(3, 'Math Advance', 'Probability', '2021-11-10', '20:00', '20', '1', '2021-11-08 15:31:38', '2021-11-08 15:31:38'),
(5, 'English Basic', 'Tense', '2021-12-06', '15:00', '15', '1', '2021-12-06 15:11:14', '2021-12-06 15:11:14');

-- --------------------------------------------------------

--
-- Table structure for table `result`
--

CREATE TABLE `result` (
  `id` int(11) NOT NULL,
  `user_id` int(10) NOT NULL,
  `topics_id` int(10) NOT NULL,
  `users_id` int(10) NOT NULL,
  `number` int(10) NOT NULL,
  `created_at` timestamp NULL DEFAULT NULL,
  `updated_at` timestamp NULL DEFAULT NULL
) ENGINE=InnoDB DEFAULT CHARSET=latin1;

-- --------------------------------------------------------

--
-- Table structure for table `settings`
--

CREATE TABLE `settings` (
  `id` int(10) UNSIGNED NOT NULL,
  `email` varchar(255) COLLATE utf8mb4_unicode_ci DEFAULT NULL,
  `phone` varchar(255) COLLATE utf8mb4_unicode_ci DEFAULT NULL,
  `address` varchar(255) COLLATE utf8mb4_unicode_ci DEFAULT NULL,
  `other_costs` int(100) DEFAULT 0,
  `created_at` timestamp NULL DEFAULT NULL,
  `updated_at` timestamp NULL DEFAULT NULL
) ENGINE=MyISAM DEFAULT CHARSET=utf8mb4 COLLATE=utf8mb4_unicode_ci;

-- --------------------------------------------------------

--
-- Table structure for table `singlemarks`
--

CREATE TABLE `singlemarks` (
  `id` int(11) NOT NULL,
  `question_id` int(10) NOT NULL,
  `exam_id` int(10) NOT NULL,
  `exams_id` int(10) NOT NULL,
  `user_id` int(10) NOT NULL,
  `marks` int(10) NOT NULL,
  `created_at` timestamp NULL DEFAULT NULL,
  `updated_at` timestamp NULL DEFAULT NULL
) ENGINE=InnoDB DEFAULT CHARSET=latin1;

--
-- Dumping data for table `singlemarks`
--

INSERT INTO `singlemarks` (`id`, `question_id`, `exam_id`, `exams_id`, `user_id`, `marks`, `created_at`, `updated_at`) VALUES
(1, 2, 3, 1, 2, 1, '2021-11-09 13:54:12', '2021-11-09 13:54:12'),
(2, 1, 4, 5, 2, 1, '2021-11-09 14:40:08', '2021-11-09 14:40:08'),
(3, 2, 3, 16, 2, 1, '2021-11-10 09:53:16', '2021-11-10 09:53:16'),
(4, 1, 4, 17, 2, 1, '2021-11-10 12:27:00', '2021-11-10 12:27:00'),
(5, 6, 3, 19, 2, 0, '2021-11-10 13:57:06', '2021-11-10 13:57:06'),
(6, 6, 3, 19, 2, 1, '2021-11-10 13:57:22', '2021-11-10 13:57:22'),
(7, 6, 3, 21, 2, 1, '2021-11-10 14:25:06', '2021-11-10 14:25:06'),
(8, 6, 3, 22, 2, 0, '2021-11-10 14:25:59', '2021-11-10 14:25:59'),
(9, 6, 3, 27, 2, 0, '2021-12-06 10:13:41', '2021-12-06 10:13:41'),
(10, 5, 2, 28, 2, 1, '2021-12-06 10:16:59', '2021-12-06 10:16:59'),
(11, 5, 2, 42, 2, 1, '2021-12-06 15:51:41', '2021-12-06 15:51:41'),
(12, 8, 5, 58, 2, 0, '2021-12-07 11:40:23', '2021-12-07 11:40:23'),
(13, 5, 2, 91, 2, 1, '2021-12-07 13:05:13', '2021-12-07 13:05:13'),
(14, 1, 5, 96, 2, 1, '2021-12-07 16:01:33', '2021-12-07 16:01:33'),
(15, 1, 5, 98, 2, 1, '2021-12-07 16:02:29', '2021-12-07 16:02:29'),
(16, 1, 5, 99, 2, 0, '2021-12-07 16:03:34', '2021-12-07 16:03:34'),
(17, 1, 5, 99, 2, 0, '2021-12-07 16:04:54', '2021-12-07 16:04:54'),
(18, 1, 5, 100, 2, 1, '2021-12-07 16:05:08', '2021-12-07 16:05:08'),
(19, 1, 5, 101, 2, 1, '2021-12-07 16:05:32', '2021-12-07 16:05:32'),
(20, 1, 5, 102, 2, 1, '2021-12-07 16:06:37', '2021-12-07 16:06:37'),
(21, 1, 5, 103, 2, 1, '2021-12-07 16:07:16', '2021-12-07 16:07:16'),
(22, 1, 5, 117, 2, 1, '2021-12-07 17:26:06', '2021-12-07 17:26:06'),
(23, 1, 5, 118, 2, 1, '2021-12-07 17:29:10', '2021-12-07 17:29:10'),
(24, 1, 5, 119, 2, 1, '2021-12-07 17:34:16', '2021-12-07 17:34:16'),
(25, 1, 5, 120, 2, 1, '2021-12-07 17:35:19', '2021-12-07 17:35:19'),
(26, 1, 5, 122, 2, 1, '2021-12-07 17:45:21', '2021-12-07 17:45:21'),
(27, 1, 5, 123, 2, 1, '2021-12-07 17:48:44', '2021-12-07 17:48:44'),
(28, 1, 5, 124, 2, 1, '2021-12-07 17:49:44', '2021-12-07 17:49:44'),
(29, 1, 5, 126, 2, 1, '2021-12-07 17:50:36', '2021-12-07 17:50:36'),
(30, 1, 5, 127, 2, 1, '2021-12-07 17:51:41', '2021-12-07 17:51:41'),
(31, 1, 5, 128, 2, 1, '2021-12-07 17:53:25', '2021-12-07 17:53:25'),
(32, 1, 5, 129, 2, 1, '2021-12-08 09:51:16', '2021-12-08 09:51:16'),
(33, 2, 3, 132, 2, 1, '2021-12-08 09:53:10', '2021-12-08 09:53:10'),
(34, 2, 3, 133, 2, 1, '2021-12-08 10:10:24', '2021-12-08 10:10:24'),
(35, 1, 5, 135, 2, 1, '2021-12-08 10:15:07', '2021-12-08 10:15:07'),
(36, 1, 5, 136, 2, 1, '2021-12-08 10:16:31', '2021-12-08 10:16:31'),
(37, 1, 5, 137, 2, 1, '2021-12-08 10:21:49', '2021-12-08 10:21:49'),
(38, 1, 5, 138, 2, 1, '2021-12-08 10:43:06', '2021-12-08 10:43:06'),
(39, 1, 5, 139, 2, 1, '2021-12-08 10:44:40', '2021-12-08 10:44:40'),
(40, 1, 5, 139, 2, 0, '2021-12-08 10:44:45', '2021-12-08 10:44:45'),
(41, 1, 5, 139, 2, 0, '2021-12-08 10:44:58', '2021-12-08 10:44:58'),
(42, 1, 5, 139, 2, 0, '2021-12-08 10:45:40', '2021-12-08 10:45:40'),
(43, 1, 5, 141, 2, 1, '2021-12-08 10:48:18', '2021-12-08 10:48:18'),
(44, 1, 5, 141, 2, 0, '2021-12-08 10:48:24', '2021-12-08 10:48:24'),
(45, 1, 5, 142, 2, 1, '2021-12-08 10:54:46', '2021-12-08 10:54:46'),
(46, 1, 5, 142, 2, 0, '2021-12-08 10:55:22', '2021-12-08 10:55:22'),
(47, 1, 5, 143, 2, 1, '2021-12-08 10:57:19', '2021-12-08 10:57:19'),
(48, 1, 5, 143, 2, 0, '2021-12-08 10:57:25', '2021-12-08 10:57:25'),
(49, 1, 5, 144, 2, 1, '2021-12-08 11:00:26', '2021-12-08 11:00:26'),
(50, 7, 5, 144, 2, 0, '2021-12-08 11:00:40', '2021-12-08 11:00:40'),
(51, 8, 5, 144, 2, 1, '2021-12-08 11:00:49', '2021-12-08 11:00:49'),
(52, 10, 5, 144, 2, 1, '2021-12-08 11:00:59', '2021-12-08 11:00:59'),
(53, 2, 3, 145, 2, 1, '2021-12-08 11:02:59', '2021-12-08 11:02:59'),
(54, 2, 3, 146, 2, 1, '2021-12-08 11:04:29', '2021-12-08 11:04:29'),
(55, 6, 3, 146, 2, 1, '2021-12-08 11:04:34', '2021-12-08 11:04:34'),
(56, 2, 3, 147, 2, 1, '2021-12-08 12:00:23', '2021-12-08 12:00:23'),
(57, 6, 3, 147, 2, 1, '2021-12-08 12:00:31', '2021-12-08 12:00:31'),
(58, 9, 4, 149, 2, 0, '2022-01-17 17:25:32', '2022-01-17 17:25:32'),
(59, 5, 2, 150, 2, 1, '2022-01-17 17:25:56', '2022-01-17 17:25:56'),
(60, 2, 3, 151, 2, 1, '2022-01-17 17:26:10', '2022-01-17 17:26:10'),
(61, 6, 3, 151, 2, 1, '2022-01-17 17:26:17', '2022-01-17 17:26:17'),
(62, 2, 3, 154, 2, 1, '2022-01-18 10:42:24', '2022-01-18 10:42:24'),
(63, 2, 3, 154, 2, 1, '2022-01-18 10:43:44', '2022-01-18 10:43:44'),
(64, 6, 3, 154, 2, 1, '2022-01-18 10:43:49', '2022-01-18 10:43:49'),
(65, 1, 5, 157, 2, 1, '2022-01-18 10:59:07', '2022-01-18 10:59:07'),
(66, 7, 5, 157, 2, 1, '2022-01-18 10:59:11', '2022-01-18 10:59:11'),
(67, 8, 5, 157, 2, 1, '2022-01-18 10:59:15', '2022-01-18 10:59:15'),
(68, 10, 5, 157, 2, 1, '2022-01-18 10:59:22', '2022-01-18 10:59:22'),
(69, 9, 4, 166, 2, 0, '2022-01-23 13:41:51', '2022-01-23 13:41:51'),
(70, 11, 4, 166, 2, 1, '2022-01-23 13:42:06', '2022-01-23 13:42:06'),
(71, 2, 3, 170, 2, 1, '2022-04-10 09:03:10', '2022-04-10 09:03:10'),
(72, 6, 3, 170, 2, 1, '2022-04-10 09:03:15', '2022-04-10 09:03:15'),
(73, 9, 4, 171, 2, 0, '2022-04-11 19:49:20', '2022-04-11 19:49:20'),
(74, 11, 4, 171, 2, 1, '2022-04-11 19:49:26', '2022-04-11 19:49:26'),
(75, 5, 2, 179, 2, 1, '2022-05-16 13:11:39', '2022-05-16 13:11:39'),
(76, 2, 3, 182, 2, 1, '2022-05-16 13:16:41', '2022-05-16 13:16:41'),
(77, 5, 2, 183, 2, 1, '2022-05-16 13:17:08', '2022-05-16 13:17:08'),
(78, 2, 3, 184, 2, 1, '2022-05-16 13:17:52', '2022-05-16 13:17:52'),
(79, 6, 3, 184, 2, 1, '2022-05-16 13:18:00', '2022-05-16 13:18:00'),
(80, 5, 2, 188, 2, 1, '2022-05-16 14:46:50', '2022-05-16 14:46:50'),
(81, 1, 5, 190, 2, 1, '2022-05-16 14:49:33', '2022-05-16 14:49:33'),
(82, 7, 5, 190, 2, 1, '2022-05-16 14:49:38', '2022-05-16 14:49:38'),
(83, 8, 5, 190, 2, 1, '2022-05-16 14:49:42', '2022-05-16 14:49:42'),
(84, 10, 5, 190, 2, 1, '2022-05-16 14:49:47', '2022-05-16 14:49:47'),
(85, 9, 4, 191, 2, 0, '2022-05-16 14:52:45', '2022-05-16 14:52:45'),
(86, 2, 3, 194, 2, 1, '2022-05-16 14:54:47', '2022-05-16 14:54:47'),
(87, 9, 4, 215, 2, 0, '2022-05-21 17:39:12', '2022-05-21 17:39:12'),
(88, 11, 4, 215, 2, 1, '2022-05-21 17:39:17', '2022-05-21 17:39:17'),
(89, 5, 2, 228, 2, 1, '2022-05-29 14:50:44', '2022-05-29 14:50:44'),
(90, 2, 3, 229, 2, 1, '2022-05-29 14:51:05', '2022-05-29 14:51:05'),
(91, 6, 3, 229, 2, 1, '2022-05-29 14:51:10', '2022-05-29 14:51:10'),
(92, 9, 4, 230, 2, 0, '2022-05-29 14:51:28', '2022-05-29 14:51:28'),
(93, 11, 4, 230, 2, 1, '2022-05-29 14:51:33', '2022-05-29 14:51:33'),
(94, 1, 5, 231, 2, 1, '2022-05-29 14:51:49', '2022-05-29 14:51:49'),
(95, 7, 5, 231, 2, 1, '2022-05-29 14:51:57', '2022-05-29 14:51:57'),
(96, 8, 5, 231, 2, 1, '2022-05-29 14:52:05', '2022-05-29 14:52:05'),
(97, 10, 5, 231, 2, 1, '2022-05-29 14:52:09', '2022-05-29 14:52:09'),
(98, 8, 5, 231, 2, 1, '2022-05-29 15:49:21', '2022-05-29 15:49:21'),
(99, 1, 5, 233, 2, 1, '2022-05-29 15:54:47', '2022-05-29 15:54:47'),
(100, 7, 5, 233, 2, 1, '2022-05-29 15:54:57', '2022-05-29 15:54:57'),
(101, 8, 5, 233, 2, 1, '2022-05-29 15:55:04', '2022-05-29 15:55:04'),
(102, 10, 5, 233, 2, 1, '2022-05-29 15:55:08', '2022-05-29 15:55:08'),
(103, 1, 5, 234, 2, 1, '2022-05-29 15:57:12', '2022-05-29 15:57:12'),
(104, 7, 5, 234, 2, 1, '2022-05-29 15:57:21', '2022-05-29 15:57:21'),
(105, 8, 5, 234, 2, 1, '2022-05-29 15:57:35', '2022-05-29 15:57:35'),
(106, 10, 5, 234, 2, 1, '2022-05-29 15:57:38', '2022-05-29 15:57:38'),
(107, 1, 5, 235, 2, 1, '2022-05-29 16:10:22', '2022-05-29 16:10:22'),
(108, 1, 5, 237, 2, 1, '2022-05-29 16:15:36', '2022-05-29 16:15:36'),
(109, 1, 5, 239, 2, 1, '2022-05-29 16:15:54', '2022-05-29 16:15:54'),
(110, 1, 5, 241, 2, 1, '2022-05-29 16:20:31', '2022-05-29 16:20:31'),
(111, 1, 5, 243, 2, 1, '2022-05-29 16:23:28', '2022-05-29 16:23:28'),
(112, 1, 5, 245, 2, 1, '2022-05-29 16:24:04', '2022-05-29 16:24:04'),
(113, 1, 5, 247, 2, 1, '2022-05-29 16:26:31', '2022-05-29 16:26:31'),
(114, 1, 5, 249, 2, 1, '2022-05-29 16:32:58', '2022-05-29 16:32:58'),
(115, 1, 5, 251, 2, 1, '2022-05-29 16:34:29', '2022-05-29 16:34:29'),
(116, 1, 5, 253, 2, 1, '2022-05-29 16:37:40', '2022-05-29 16:37:40'),
(117, 1, 5, 255, 2, 1, '2022-05-29 16:40:26', '2022-05-29 16:40:26'),
(118, 1, 5, 257, 2, 1, '2022-05-29 16:43:28', '2022-05-29 16:43:28'),
(119, 1, 5, 260, 2, 1, '2022-05-29 16:44:28', '2022-05-29 16:44:28'),
(120, 1, 5, 262, 2, 1, '2022-05-29 16:49:59', '2022-05-29 16:49:59'),
(121, 1, 5, 264, 2, 1, '2022-05-29 17:10:18', '2022-05-29 17:10:18'),
(122, 1, 5, 266, 2, 1, '2022-05-29 17:11:17', '2022-05-29 17:11:17'),
(123, 1, 5, 268, 2, 1, '2022-05-29 17:13:06', '2022-05-29 17:13:06'),
(124, 1, 5, 270, 2, 1, '2022-05-29 17:25:57', '2022-05-29 17:25:57'),
(125, 1, 5, 272, 2, 1, '2022-05-29 17:27:34', '2022-05-29 17:27:34'),
(126, 7, 5, 272, 2, 0, '2022-05-29 17:28:21', '2022-05-29 17:28:21'),
(127, 8, 5, 272, 2, 1, '2022-05-29 17:28:28', '2022-05-29 17:28:28'),
(128, 10, 5, 272, 2, 1, '2022-05-29 17:28:38', '2022-05-29 17:28:38'),
(129, 5, 2, 273, 2, 1, '2022-05-29 17:29:02', '2022-05-29 17:29:02'),
(130, 1, 5, 275, 2, 1, '2022-05-29 17:30:13', '2022-05-29 17:30:13'),
(131, 7, 5, 275, 2, 0, '2022-05-29 17:30:24', '2022-05-29 17:30:24'),
(132, 8, 5, 275, 2, 1, '2022-05-29 17:30:36', '2022-05-29 17:30:36'),
(133, 10, 5, 275, 2, 1, '2022-05-29 17:30:41', '2022-05-29 17:30:41'),
(134, 1, 5, 277, 2, 1, '2022-05-31 09:28:43', '2022-05-31 09:28:43'),
(135, 1, 5, 278, 2, 1, '2022-05-31 09:28:59', '2022-05-31 09:28:59'),
(136, 2, 3, 279, 2, 1, '2022-05-31 09:33:37', '2022-05-31 09:33:37'),
(137, 1, 5, 280, 2, 1, '2022-05-31 09:35:37', '2022-05-31 09:35:37'),
(138, 2, 3, 281, 2, 1, '2022-05-31 09:37:22', '2022-05-31 09:37:22'),
(139, 6, 3, 281, 2, 1, '2022-05-31 09:37:34', '2022-05-31 09:37:34'),
(140, 1, 5, 282, 2, 1, '2022-05-31 09:39:25', '2022-05-31 09:39:25'),
(141, 7, 5, 282, 2, 1, '2022-05-31 09:39:34', '2022-05-31 09:39:34'),
(142, 8, 5, 282, 2, 1, '2022-05-31 09:39:39', '2022-05-31 09:39:39'),
(143, 10, 5, 282, 2, 1, '2022-05-31 09:39:44', '2022-05-31 09:39:44'),
(144, 1, 5, 283, 2, 1, '2022-05-31 09:47:50', '2022-05-31 09:47:50'),
(145, 7, 5, 283, 2, 0, '2022-05-31 09:47:56', '2022-05-31 09:47:56'),
(146, 8, 5, 283, 2, 1, '2022-05-31 09:48:02', '2022-05-31 09:48:02'),
(147, 10, 5, 283, 2, 1, '2022-05-31 09:48:06', '2022-05-31 09:48:06'),
(148, 1, 5, 285, 2, 1, '2022-05-31 10:15:12', '2022-05-31 10:15:12'),
(149, 1, 5, 286, 2, 1, '2022-05-31 10:16:23', '2022-05-31 10:16:23'),
(150, 1, 5, 287, 2, 1, '2022-05-31 10:18:44', '2022-05-31 10:18:44'),
(151, 1, 5, 288, 2, 1, '2022-05-31 10:19:35', '2022-05-31 10:19:35'),
(152, 1, 5, 289, 2, 1, '2022-05-31 10:20:01', '2022-05-31 10:20:01'),
(153, 1, 5, 290, 2, 1, '2022-05-31 10:21:23', '2022-05-31 10:21:23'),
(154, 7, 5, 290, 2, 1, '2022-05-31 10:21:27', '2022-05-31 10:21:27'),
(155, 8, 5, 290, 2, 0, '2022-05-31 10:21:32', '2022-05-31 10:21:32'),
(156, 10, 5, 290, 2, 1, '2022-05-31 10:21:35', '2022-05-31 10:21:35'),
(157, 1, 5, 299, 2, 1, '2022-05-31 10:40:50', '2022-05-31 10:40:50'),
(158, 5, 2, 301, 2, 1, '2022-05-31 11:02:42', '2022-05-31 11:02:42'),
(159, 1, 5, 302, 2, 1, '2022-05-31 11:03:57', '2022-05-31 11:03:57'),
(160, 7, 5, 302, 2, 0, '2022-05-31 11:04:10', '2022-05-31 11:04:10'),
(161, 8, 5, 302, 2, 1, '2022-05-31 11:04:15', '2022-05-31 11:04:15'),
(162, 10, 5, 302, 2, 1, '2022-05-31 11:04:19', '2022-05-31 11:04:19'),
(163, 2, 3, 303, 2, 1, '2022-05-31 11:07:30', '2022-05-31 11:07:30'),
(164, 6, 3, 303, 2, 1, '2022-05-31 11:07:38', '2022-05-31 11:07:38'),
(165, 1, 5, 304, 2, 1, '2022-05-31 11:15:36', '2022-05-31 11:15:36'),
(166, 1, 5, 305, 2, 1, '2022-05-31 11:22:19', '2022-05-31 11:22:19'),
(167, 9, 4, 306, 2, 0, '2022-05-31 11:27:57', '2022-05-31 11:27:57'),
(168, 11, 4, 306, 2, 1, '2022-05-31 11:28:01', '2022-05-31 11:28:01'),
(169, 5, 2, 308, 2, 1, '2022-05-31 11:30:15', '2022-05-31 11:30:15'),
(170, 2, 3, 309, 2, 1, '2022-05-31 11:31:58', '2022-05-31 11:31:58'),
(171, 6, 3, 309, 2, 1, '2022-05-31 11:32:02', '2022-05-31 11:32:02'),
(172, 5, 2, 310, 2, 1, '2022-05-31 11:33:11', '2022-05-31 11:33:11'),
(173, 2, 3, 311, 2, 1, '2022-05-31 11:34:27', '2022-05-31 11:34:27'),
(174, 5, 2, 312, 2, 1, '2022-05-31 11:37:10', '2022-05-31 11:37:10'),
(175, 5, 2, 313, 2, 1, '2022-05-31 11:38:53', '2022-05-31 11:38:53'),
(176, 5, 2, 314, 2, 1, '2022-05-31 11:42:29', '2022-05-31 11:42:29'),
(177, 5, 2, 315, 2, 1, '2022-05-31 11:43:46', '2022-05-31 11:43:46'),
(178, 5, 2, 316, 2, 1, '2022-05-31 11:49:03', '2022-05-31 11:49:03'),
(179, 1, 5, 317, 2, 1, '2022-05-31 11:50:07', '2022-05-31 11:50:07'),
(180, 7, 5, 317, 2, 0, '2022-05-31 11:50:19', '2022-05-31 11:50:19'),
(181, 8, 5, 317, 2, 1, '2022-05-31 11:50:26', '2022-05-31 11:50:26'),
(182, 8, 5, 317, 2, 1, '2022-05-31 11:50:26', '2022-05-31 11:50:26'),
(183, 10, 5, 317, 2, 1, '2022-05-31 11:50:31', '2022-05-31 11:50:31'),
(184, 1, 5, 318, 2, 1, '2022-05-31 11:55:57', '2022-05-31 11:55:57'),
(185, 7, 5, 318, 2, 1, '2022-05-31 11:56:03', '2022-05-31 11:56:03'),
(186, 8, 5, 318, 2, 1, '2022-05-31 11:56:10', '2022-05-31 11:56:10'),
(187, 10, 5, 318, 2, 1, '2022-05-31 11:56:14', '2022-05-31 11:56:14'),
(188, 1, 5, 319, 2, 1, '2022-05-31 11:57:58', '2022-05-31 11:57:58'),
(189, 7, 5, 319, 2, 0, '2022-05-31 12:00:30', '2022-05-31 12:00:30'),
(190, 8, 5, 319, 2, 1, '2022-05-31 12:00:34', '2022-05-31 12:00:34'),
(191, 10, 5, 319, 2, 1, '2022-05-31 12:00:39', '2022-05-31 12:00:39'),
(192, 5, 2, 320, 2, 0, '2022-05-31 12:03:33', '2022-05-31 12:03:33'),
(193, 9, 4, 321, 2, 0, '2022-05-31 12:04:21', '2022-05-31 12:04:21'),
(194, 11, 4, 321, 2, 1, '2022-05-31 12:04:24', '2022-05-31 12:04:24'),
(195, 9, 4, 322, 2, 0, '2022-05-31 12:05:24', '2022-05-31 12:05:24'),
(196, 11, 4, 322, 2, 0, '2022-05-31 12:05:29', '2022-05-31 12:05:29'),
(197, 1, 5, 323, 2, 1, '2022-05-31 12:19:24', '2022-05-31 12:19:24'),
(198, 1, 5, 324, 2, 1, '2022-05-31 13:13:18', '2022-05-31 13:13:18'),
(199, 7, 5, 324, 2, 0, '2022-05-31 13:13:26', '2022-05-31 13:13:26'),
(200, 8, 5, 324, 2, 1, '2022-05-31 13:13:31', '2022-05-31 13:13:31'),
(201, 10, 5, 324, 2, 1, '2022-05-31 13:13:35', '2022-05-31 13:13:35'),
(202, 5, 2, 325, 2, 1, '2022-05-31 13:18:56', '2022-05-31 13:18:56'),
(203, 5, 2, 326, 2, 1, '2022-05-31 15:12:54', '2022-05-31 15:12:54'),
(204, 5, 2, 327, 2, 1, '2022-05-31 15:18:05', '2022-05-31 15:18:05'),
(205, 5, 2, 328, 2, 1, '2022-05-31 15:18:55', '2022-05-31 15:18:55'),
(206, 5, 2, 329, 2, 1, '2022-05-31 15:20:21', '2022-05-31 15:20:21'),
(207, 1, 5, 330, 2, 1, '2022-05-31 15:39:59', '2022-05-31 15:39:59'),
(208, 7, 5, 330, 2, 0, '2022-05-31 15:40:05', '2022-05-31 15:40:05'),
(209, 8, 5, 330, 2, 1, '2022-05-31 15:40:09', '2022-05-31 15:40:09'),
(210, 10, 5, 330, 2, 1, '2022-05-31 15:40:15', '2022-05-31 15:40:15'),
(211, 9, 4, 331, 2, 0, '2022-05-31 16:47:09', '2022-05-31 16:47:09'),
(212, 11, 4, 331, 2, 0, '2022-05-31 16:47:13', '2022-05-31 16:47:13'),
(213, 5, 2, 333, 2, 1, '2022-06-01 10:50:39', '2022-06-01 10:50:39'),
(214, 2, 3, 334, 2, 1, '2022-06-01 10:50:58', '2022-06-01 10:50:58'),
(215, 6, 3, 334, 2, 1, '2022-06-01 10:51:09', '2022-06-01 10:51:09'),
(216, 2, 3, 336, 2, 1, '2022-06-01 14:30:47', '2022-06-01 14:30:47'),
(217, 6, 3, 336, 2, 1, '2022-06-01 14:30:53', '2022-06-01 14:30:53'),
(218, 5, 2, 337, 2, 1, '2022-06-02 09:06:45', '2022-06-02 09:06:45'),
(219, 1, 5, 338, 2, 1, '2022-06-02 09:06:55', '2022-06-02 09:06:55'),
(220, 7, 5, 338, 2, 0, '2022-06-02 09:07:05', '2022-06-02 09:07:05'),
(221, 8, 5, 338, 2, 0, '2022-06-02 09:07:10', '2022-06-02 09:07:10'),
(222, 10, 5, 338, 2, 1, '2022-06-02 09:07:14', '2022-06-02 09:07:14'),
(223, 1, 5, 339, 2, 1, '2022-06-02 09:13:14', '2022-06-02 09:13:14'),
(224, 7, 5, 339, 2, 1, '2022-06-02 09:13:25', '2022-06-02 09:13:25'),
(225, 8, 5, 339, 2, 1, '2022-06-02 09:13:31', '2022-06-02 09:13:31'),
(226, 10, 5, 339, 2, 1, '2022-06-02 09:13:35', '2022-06-02 09:13:35'),
(227, 2, 3, 340, 2, 1, '2022-06-02 09:15:38', '2022-06-02 09:15:38'),
(228, 6, 3, 340, 2, 1, '2022-06-02 09:15:59', '2022-06-02 09:15:59'),
(229, 9, 4, 341, 2, 1, '2022-06-02 09:17:00', '2022-06-02 09:17:00'),
(230, 11, 4, 341, 2, 1, '2022-06-02 09:17:05', '2022-06-02 09:17:05'),
(231, 9, 4, 342, 2, 1, '2022-06-02 09:18:53', '2022-06-02 09:18:53'),
(232, 11, 4, 342, 2, 1, '2022-06-02 09:19:00', '2022-06-02 09:19:00'),
(233, 9, 4, 343, 2, 0, '2022-06-02 09:19:23', '2022-06-02 09:19:23'),
(234, 9, 4, 344, 2, 0, '2022-06-02 09:19:58', '2022-06-02 09:19:58'),
(235, 11, 4, 344, 2, 0, '2022-06-02 09:20:01', '2022-06-02 09:20:01'),
(236, 1, 5, 345, 2, 1, '2022-06-02 11:21:50', '2022-06-02 11:21:50'),
(237, 7, 5, 345, 2, 0, '2022-06-02 11:24:08', '2022-06-02 11:24:08'),
(238, 8, 5, 345, 2, 1, '2022-06-02 11:24:11', '2022-06-02 11:24:11'),
(239, 10, 5, 345, 2, 1, '2022-06-02 11:24:15', '2022-06-02 11:24:15'),
(240, 2, 3, 347, 2, 1, '2022-06-02 12:39:20', '2022-06-02 12:39:20'),
(241, 6, 3, 347, 2, 1, '2022-06-02 12:39:24', '2022-06-02 12:39:24'),
(242, 1, 5, 348, 2, 1, '2022-06-02 12:41:27', '2022-06-02 12:41:27'),
(243, 7, 5, 348, 2, 1, '2022-06-02 12:41:33', '2022-06-02 12:41:33'),
(244, 8, 5, 348, 2, 1, '2022-06-02 12:41:37', '2022-06-02 12:41:37'),
(245, 10, 5, 348, 2, 1, '2022-06-02 12:41:41', '2022-06-02 12:41:41');

-- --------------------------------------------------------

--
-- Table structure for table `studentadmission`
--

CREATE TABLE `studentadmission` (
  `id` int(11) NOT NULL,
  `fname` varchar(100) NOT NULL,
  `lname` varchar(100) NOT NULL,
  `email` varchar(100) NOT NULL,
  `phone` varchar(20) NOT NULL,
  `dob` date NOT NULL,
  `gender` varchar(20) NOT NULL,
  `subject` varchar(50) NOT NULL,
  `created_at` timestamp NOT NULL DEFAULT current_timestamp(),
  `updated_at` timestamp NOT NULL DEFAULT current_timestamp()
) ENGINE=MyISAM DEFAULT CHARSET=latin1;

--
-- Dumping data for table `studentadmission`
--

INSERT INTO `studentadmission` (`id`, `fname`, `lname`, `email`, `phone`, `dob`, `gender`, `subject`, `created_at`, `updated_at`) VALUES
(3, 'Shams', 'Shuvo', 'drnowsherali07@gmail.com', '+8801714087220', '1992-06-16', 'Male', 'Math', '2022-01-06 12:29:19', '2022-04-24 11:18:57');

-- --------------------------------------------------------

--
-- Table structure for table `students`
--

CREATE TABLE `students` (
  `id` bigint(20) UNSIGNED NOT NULL,
  `name` varchar(255) COLLATE utf8mb4_unicode_ci NOT NULL,
  `email` varchar(255) COLLATE utf8mb4_unicode_ci NOT NULL,
  `number` varchar(255) COLLATE utf8mb4_unicode_ci NOT NULL,
  `address` varchar(255) COLLATE utf8mb4_unicode_ci DEFAULT NULL,
  `purpose` varchar(255) COLLATE utf8mb4_unicode_ci DEFAULT NULL,
  `institution` varchar(255) COLLATE utf8mb4_unicode_ci DEFAULT NULL,
  `category` varchar(30) CHARACTER SET latin1 NOT NULL,
  `selection` varchar(100) COLLATE utf8mb4_unicode_ci NOT NULL DEFAULT 'Plan2Career',
  `image` varchar(255) COLLATE utf8mb4_unicode_ci DEFAULT NULL,
  `created_at` timestamp NULL DEFAULT NULL,
  `updated_at` timestamp NULL DEFAULT NULL
) ENGINE=MyISAM DEFAULT CHARSET=utf8mb4 COLLATE=utf8mb4_unicode_ci;

--
-- Dumping data for table `students`
--

INSERT INTO `students` (`id`, `name`, `email`, `number`, `address`, `purpose`, `institution`, `category`, `selection`, `image`, `created_at`, `updated_at`) VALUES
(1, 'Md. Nayem', 'mdnayem.cse21@gmail.com', '01999791578', 'Najirghat Cross Road, Hajibari, nirala, Khulna', 'BCS Preparation', 'North Western University', 'Student', 'Plan2Career', 'images/Nayem.jpg', '2021-11-17 12:27:48', '2021-11-18 15:55:23'),
(3, 'Ikram Hossen', 'ikram@gmail.com', '01920440044', 'Shonadanga Residential Area, Phase-1', 'Bank Job Preparation', 'KU', 'Student', 'Esquare', 'images/help.jpg', '2021-12-06 16:55:17', '2021-12-06 17:00:27');

-- --------------------------------------------------------

--
-- Table structure for table `test`
--

CREATE TABLE `test` (
  `id` int(10) NOT NULL,
  `email` varchar(50) DEFAULT NULL,
  `description` varchar(100) DEFAULT NULL,
  `created_at` timestamp NULL DEFAULT NULL,
  `updated_at` timestamp NULL DEFAULT NULL
) ENGINE=InnoDB DEFAULT CHARSET=latin1;

--
-- Dumping data for table `test`
--

INSERT INTO `test` (`id`, `email`, `description`, `created_at`, `updated_at`) VALUES
(1, 'shamimreza.tentech@gmail.com', 'tentech er mail', NULL, NULL),
(2, 'shamimreza.036@gmail.com', '036 email', NULL, NULL),
(3, 'shamimreza.tentech@gmail.com', 'tentech er mail', NULL, NULL),
(4, 'shamimreza.036@gmail.com', '036 email', NULL, NULL);

-- --------------------------------------------------------

--
-- Table structure for table `trainer`
--

CREATE TABLE `trainer` (
  `id` int(11) NOT NULL,
  `name` varchar(50) NOT NULL,
  `email` varchar(50) NOT NULL,
  `phone` varchar(100) NOT NULL,
  `math` varchar(30) DEFAULT NULL,
  `english` varchar(30) DEFAULT NULL,
  `analytical` varchar(30) DEFAULT NULL,
  `coding` varchar(30) DEFAULT NULL,
  `educationlevel` varchar(30) DEFAULT NULL,
  `institution` varchar(55) DEFAULT NULL,
  `username` varchar(30) DEFAULT NULL,
  `password` varchar(100) DEFAULT NULL,
  `created_at` timestamp NULL DEFAULT NULL,
  `updated_at` timestamp NULL DEFAULT NULL
) ENGINE=InnoDB DEFAULT CHARSET=latin1;

--
-- Dumping data for table `trainer`
--

INSERT INTO `trainer` (`id`, `name`, `email`, `phone`, `math`, `english`, `analytical`, `coding`, `educationlevel`, `institution`, `username`, `password`, `created_at`, `updated_at`) VALUES
(1, 'MD. NAYEM', '', '01999791578', 'Yes', NULL, NULL, NULL, 'B.Sc', 'North Western University', 'abc@gmail.com', '12345678', '2022-04-18 09:34:19', '2022-04-18 10:12:05'),
(2, 'MD. NAYEM', '', '01999791578', 'Yes', NULL, NULL, NULL, 'B.Sc', 'North Western University', 'mm@gmail.com', '12345678', '2022-04-18 09:35:05', '2022-04-18 10:12:12'),
(3, 'Md. Jamal Hossain Joy', '', '01819759696', 'Yes', 'Yes', 'Yes', NULL, 'MBA', NULL, 'mjhjoy1@gmail.com', 'mjhjoy123@', '2022-04-19 18:16:55', '2022-04-19 18:16:55'),
(7, 'MD. NAYEM', 'mdnayem.cse21@gmail.com', '01999791578', NULL, NULL, NULL, NULL, 'B.Sc', 'North Western University', 'mdnayem.cse21@gmail.com', '12345678', '2022-05-29 09:19:18', '2022-05-29 09:19:18'),
(8, 'MD. NAYEM', 'mdnayem.cse21@gmail.com', '01999791578', NULL, NULL, NULL, NULL, 'B.Sc', 'North Western University', 'freelancer@gmail.com', '12345678', '2022-05-29 09:19:48', '2022-05-29 09:19:48'),
(9, 'MD. NAYEM', 'mdnayem.cse21@gmail.com', '01999791578', NULL, NULL, NULL, NULL, 'B.Sc', 'North Western University', 'freelancer@gmail.com', '12345678', '2022-05-29 09:20:15', '2022-05-29 09:20:15'),
(10, 'MD. NAYEM', 'mdnayem.cse21@gmail.com', '01999791578', NULL, NULL, NULL, NULL, 'B.Sc', 'North Western University', 'mdnayem.cse21@gmail.com', '12345678', '2022-05-29 09:25:08', '2022-05-29 09:25:08'),
(11, 'abc', 'nn@gmail.com', '12345678', NULL, NULL, 'Yes', NULL, 'B.Sc', 'North Western University', 'nn@gmail.com', '12345678', '2022-05-29 11:27:29', '2022-05-29 11:27:29');

-- --------------------------------------------------------

--
-- Table structure for table `training`
--

CREATE TABLE `training` (
  `id` int(10) NOT NULL,
  `career_plan` varchar(500) DEFAULT NULL,
  `mathematics` varchar(50) DEFAULT NULL,
  `english` varchar(50) DEFAULT NULL,
  `analytical` varchar(50) DEFAULT NULL,
  `others` varchar(50) DEFAULT NULL,
  `name` varchar(100) DEFAULT NULL,
  `address` varchar(100) DEFAULT NULL,
  `education` varchar(200) DEFAULT NULL,
  `institution` varchar(50) DEFAULT NULL,
  `mobile` varchar(15) DEFAULT NULL,
  `email` varchar(50) DEFAULT NULL,
  `username` varchar(50) NOT NULL,
  `password` varchar(255) NOT NULL,
  `image` varchar(255) DEFAULT NULL,
  `created_at` timestamp NULL DEFAULT NULL,
  `updated_at` timestamp NULL DEFAULT NULL
) ENGINE=InnoDB DEFAULT CHARSET=latin1;

--
-- Dumping data for table `training`
--

INSERT INTO `training` (`id`, `career_plan`, `mathematics`, `english`, `analytical`, `others`, `name`, `address`, `education`, `institution`, `mobile`, `email`, `username`, `password`, `image`, `created_at`, `updated_at`) VALUES
(8, NULL, 'Yes', 'Yes', 'Yes', NULL, 'Tasnim Fatema Rimly', 'Boyra, khulna', NULL, 'North Western University', '01918983833', 'tasnimfatemarimly@gmail.com', 'Rimly', '54321', 'images/IMG_20220317_113717.jpg', '2022-04-16 09:25:53', '2022-04-16 09:25:53'),
(9, 'Other Government Job', 'Yes', 'Yes', 'Yes', NULL, 'Alif Bean Sayed', '9 no east senhati,Senhati, Dighalia,Khulna.', 'Hons', 'Khulna University', '01670657155', 'alifbeansayed959@gmail.com', 'AlifBS', '00passpass00', 'images/IMG-20190903-WA0023.jpg', '2022-04-16 09:27:26', '2022-04-16 09:27:26'),
(10, 'Other Government Job', 'Yes', 'Yes', 'Yes', NULL, 'Alif Bean Sayed', '9 no east senhati,Senhati, Dighalia,Khulna.', 'Hons', 'Khulna University', '01670657155', 'alifbeansayed959@gmail.com', 'AlifBS', '00passpass00', 'images/IMG-20190903-WA0023.jpg', '2022-04-16 09:27:37', '2022-04-16 09:27:37'),
(11, NULL, 'Yes', 'Yes', 'Yes', 'Yes', 'Ayan Majumder', 'Batiaghata,khulna', 'Hons', 'North Western university', '01646639343', 'mdnayem.cse21@gmail.com', 'Ayan', 'ayan61434', 'images/IMG20220202002841.jpg', '2022-04-16 09:30:31', '2022-04-16 09:30:31'),
(12, 'Work Abroad', NULL, NULL, 'Yes', NULL, 'Nazmun Nahar', '41, Ibrahim Miah Road,, Shib Bari More, Khulna Sadar', 'M.Sc', 'City College', '01819776444', 'nnkeya1987@gmail.com', 'nnkeya1987@gmail.com', ' nkeya1987', 'images/16523758166263729414942269841999.jpg', '2022-05-12 21:17:17', '2022-05-12 21:17:17');

-- --------------------------------------------------------

--
-- Table structure for table `userdetails`
--

CREATE TABLE `userdetails` (
  `id` bigint(20) UNSIGNED NOT NULL,
  `email` varchar(255) CHARACTER SET utf8mb4 COLLATE utf8mb4_unicode_ci NOT NULL,
  `Math_Basic` varchar(255) CHARACTER SET utf8mb4 COLLATE utf8mb4_unicode_ci DEFAULT NULL,
  `Math_Intermediate` varchar(255) CHARACTER SET utf8mb4 COLLATE utf8mb4_unicode_ci DEFAULT NULL,
  `Math_Advance` varchar(255) CHARACTER SET utf8mb4 COLLATE utf8mb4_unicode_ci DEFAULT NULL,
  `English_Basic` varchar(255) CHARACTER SET utf8mb4 COLLATE utf8mb4_unicode_ci DEFAULT NULL,
  `English_Intermediate` varchar(255) CHARACTER SET utf8mb4 COLLATE utf8mb4_unicode_ci DEFAULT NULL,
  `English_Advance` varchar(255) CHARACTER SET utf8mb4 COLLATE utf8mb4_unicode_ci DEFAULT NULL,
  `Analytical_Basic` varchar(255) CHARACTER SET utf8mb4 COLLATE utf8mb4_unicode_ci DEFAULT NULL,
  `Analytical_Intermediate` varchar(255) CHARACTER SET utf8mb4 COLLATE utf8mb4_unicode_ci DEFAULT NULL,
  `Analytical_Advance` varchar(255) CHARACTER SET utf8mb4 COLLATE utf8mb4_unicode_ci DEFAULT NULL,
  `created_at` timestamp NULL DEFAULT NULL,
  `updated_at` timestamp NULL DEFAULT NULL
) ENGINE=MyISAM DEFAULT CHARSET=latin1;

--
-- Dumping data for table `userdetails`
--

INSERT INTO `userdetails` (`id`, `email`, `Math_Basic`, `Math_Intermediate`, `Math_Advance`, `English_Basic`, `English_Intermediate`, `English_Advance`, `Analytical_Basic`, `Analytical_Intermediate`, `Analytical_Advance`, `created_at`, `updated_at`) VALUES
(1, 'mdnayem.cse21@gmail.com', 'Math Basic', 'Math Intermediate', 'Math Advance', 'English Basic', 'English Intermediate', 'English Advance', 'Analytical Basic', 'Analytical Intermediate', 'Analytical Advance', '2021-10-24 10:16:04', '2021-10-24 10:16:04'),
(2, 'nayemmd.cse21@gmail.com', 'Math Basic', 'Math Intermediate', 'Math Advance', NULL, NULL, NULL, NULL, NULL, NULL, '2021-10-24 10:25:42', '2021-10-24 10:25:42'),
(3, 'nayem.taf@diu.edu.bd', NULL, NULL, 'Math Advance', NULL, NULL, 'English Advance', NULL, NULL, 'Analytical Advance', '2021-10-24 10:34:44', '2021-10-24 10:34:44'),
(4, 'info@gmail.com', NULL, NULL, 'Math Advance', NULL, 'English Intermediate', NULL, NULL, NULL, 'Analytical Advance', '2021-10-24 10:40:30', '2021-10-24 10:40:30'),
(5, 'p2c@gmail.com', NULL, NULL, NULL, NULL, NULL, 'English Advance', NULL, NULL, 'Analytical Advance', '2021-10-24 10:53:08', '2021-10-24 10:53:08');

-- --------------------------------------------------------

--
-- Table structure for table `users`
--

CREATE TABLE `users` (
  `id` bigint(20) UNSIGNED NOT NULL,
  `name` varchar(255) COLLATE utf8mb4_unicode_ci NOT NULL,
  `email` varchar(255) COLLATE utf8mb4_unicode_ci NOT NULL,
  `mobile` varchar(11) COLLATE utf8mb4_unicode_ci DEFAULT NULL,
  `registeras` varchar(50) COLLATE utf8mb4_unicode_ci DEFAULT NULL,
  `email_verified_at` timestamp NULL DEFAULT NULL,
  `is_admin` int(11) DEFAULT NULL,
  `password` varchar(255) COLLATE utf8mb4_unicode_ci NOT NULL,
  `remember_token` varchar(100) COLLATE utf8mb4_unicode_ci DEFAULT NULL,
  `created_at` timestamp NULL DEFAULT NULL,
  `updated_at` timestamp NULL DEFAULT NULL
) ENGINE=InnoDB DEFAULT CHARSET=utf8mb4 COLLATE=utf8mb4_unicode_ci;

--
-- Dumping data for table `users`
--

INSERT INTO `users` (`id`, `name`, `email`, `mobile`, `registeras`, `email_verified_at`, `is_admin`, `password`, `remember_token`, `created_at`, `updated_at`) VALUES
(1, 'shamim reza', '', NULL, NULL, NULL, 1, '$2y$10$L8.Vyd8EepIvoac2BuMn/.BjTh7NEEhBQ2xC0q/oZaocEhPpaQD8O', NULL, '2021-03-21 04:15:10', '2021-03-21 04:15:10'),
(2, 'abc', '', NULL, NULL, NULL, NULL, '$2y$10$kCBvXNBcmCieg.LWdM8AJeZ./YfDC.ptGHg6AT490cfVC3onp19cq', NULL, '2021-03-22 22:15:27', '2021-03-22 22:15:27'),
(3, 'xyz', '', NULL, NULL, NULL, 1, '$2y$10$jUUK0nUh5N/JbUqrp9NCQulPAb0T5qosB6/4C45YwRbu9Kz9XPcA2', NULL, '2021-03-23 10:44:29', '2021-03-23 10:44:29'),
(4, 'shamim reza', '', NULL, NULL, NULL, NULL, '$2y$10$JY6r6wwE.0h04rSAglbvkeMDgx7FfHp9FovneLEdnB/bNcxLfnf.K', NULL, '2021-04-05 00:12:35', '2021-04-05 00:12:35'),
(5, 'shamim reza', '', NULL, NULL, NULL, NULL, '$2y$10$7sMFcBKXEHoHBPv6Ogv/wuj8ItAeGdo7uBYs0ZIkzSSlWohE8WRB2', NULL, '2021-06-14 02:29:31', '2021-06-14 02:29:31'),
(6, 'shamim reza', '', NULL, NULL, NULL, NULL, '$2y$10$jLt.cRvZRcOFE9zx4CMo2epEUVGdmoeT9al4e0/mY58eNgeSKnnyC', NULL, '2021-08-07 07:16:12', '2021-08-07 07:16:12'),
(7, 'shamim reza', '', NULL, NULL, NULL, NULL, '$2y$10$GA22cvpYxUc7ocq2Be9SReo8oQz0qMaqy5Eoq07WDCgYH0kagREMa', NULL, '2021-08-27 06:32:48', '2021-08-27 06:32:48'),
(8, 'shamim reza', '', NULL, NULL, NULL, NULL, '$2y$10$TgKt.mU9QP.Far6wkRYisucP0KnuFB7VTmWQrNpVOt1JlxPYSdO3a', NULL, '2021-09-02 09:16:00', '2021-09-02 09:16:00'),
(9, 'Md. Shamim Reza', '', NULL, NULL, NULL, NULL, '$2y$10$rYZGBycGTi2YDZQ.o59rnus5mRWgqbyjeaSLltJwDV66l00TwUgjG', NULL, '2021-09-04 00:26:35', '2021-09-04 00:26:35'),
(10, 'shamim reza', '', NULL, NULL, NULL, NULL, '$2y$10$BUxdRaCoEQhfkwaN.bZPPeMvU.Kx.4Ug3COOZSfpQZLdYEnHLIjjq', NULL, '2021-09-04 04:28:18', '2021-09-04 04:28:18'),
(11, 'shamim reza', '', NULL, NULL, NULL, NULL, '$2y$10$0B0hUUJBK2E2wWxRdT3eieF2HK4yJJSPiQFyhqIHqhzEzIkFglkRy', NULL, '2021-09-04 04:29:38', '2021-09-04 04:29:38'),
(12, 'shamim reza', '', NULL, NULL, NULL, NULL, '$2y$10$ig8LvJ/U8EQlDnHAZE6BgecRFQFUDgKbOtSbPucXqjNpZa/4koIQa', NULL, '2021-09-18 23:41:48', '2021-09-18 23:41:48'),
(13, 'shamim', '', NULL, NULL, NULL, NULL, '$2y$10$fkPNAZ6CqkcMZpduRUlIB.Sj.2NKtgL2Q3pCAS44fSMP0NAUN3zGW', NULL, '2021-10-20 13:11:59', '2021-10-20 13:11:59'),
(18, 'shamim reza', '', NULL, NULL, NULL, NULL, '$2y$10$AwsiIAqAGuvNuhRpNz2lduJ7XRWEvwQttVS6HamDVIMsl/vpgI5tm', NULL, '2021-12-08 21:40:28', '2021-12-08 21:40:28'),
(19, 'shamim reza', '', NULL, NULL, NULL, NULL, '$2y$10$zySdxEqAHIcKGuBOoopsXODYDY/RcHGwrmOjXdVuMSeI9qLl3MidS', NULL, '2021-12-13 18:44:05', '2021-12-13 18:44:05'),
(20, 'Raju Das', '', NULL, NULL, NULL, NULL, '$2y$10$I3rDErE.2i67NKfsmzw1EepJOYfZJ5.WsUKUpI9NxQ1J874BFEHoS', NULL, '2021-12-14 18:46:51', '2021-12-14 18:46:51'),
(21, 'shamim reza', '', NULL, NULL, NULL, NULL, '$2y$10$uRCJ522LbPw6NakUX6RWHeoggdUOAjXWqCSZZD6LZpIqNOmFfHyQa', NULL, '2021-12-14 18:46:57', '2021-12-14 18:46:57'),
(22, 'MD. NAYEM', '', NULL, NULL, NULL, 0, '$2y$10$QPqkM6ITCG15xGeZPgsigecfTaUfRiDKMZYakqqQC2lUDNEdo2fxe', NULL, '2021-12-31 21:33:24', '2021-12-31 21:33:24'),
(23, 'shamim reza', '', NULL, NULL, NULL, NULL, '$2y$10$1b95Rcpl5X3M5Q6jc8D/kuEZ6PUSAR7edOOzYa5SlBm1K52DrCK.S', NULL, '2022-04-11 19:47:56', '2022-04-11 19:47:56'),
(24, 'raju', '', NULL, NULL, NULL, NULL, '$2y$10$VuNqkQjELJtc34wJ6IRaqOWrl0G.hxqzyHKgHrK0MhGAeU3eyMo3G', NULL, '2022-04-11 19:48:40', '2022-04-11 19:48:40'),
(25, 'Md. Jamal Hossain', '', NULL, NULL, NULL, NULL, '$2y$10$0PjGoRVLL2eAr//DXFnd8uBBjrr5UES5TGHOkSugIaEwOZgs89OzS', NULL, '2022-04-14 09:37:19', '2022-04-14 09:37:19'),
(26, 'shamim', '', NULL, NULL, NULL, NULL, '$2y$10$dRvAgA6plbuJ/QkrFBJ94eLf16EAUumiR2nELK/VHClrua.WELfKG', NULL, '2022-04-14 10:44:45', '2022-04-14 10:44:45'),
(27, 'shamim reza', '', NULL, NULL, NULL, NULL, '$2y$10$A9sL/omIRwfulwQBqf7b5u50dNJ9.ixph0a.tNJpWC0Z2cyatC4a.', NULL, '2022-04-14 10:54:22', '2022-04-14 10:54:22'),
(28, 'shamim reza', '', '01615112358', 'Career Student', NULL, NULL, '$2y$10$T2PHDHuVkaAw/t7fxB.q2.y97yDmhVGntjEaeN24rzjUKi0q68yzi', NULL, '2022-04-14 11:14:50', '2022-04-14 11:14:50'),
(29, 'shamim reza', '', '01615112358', 'abc', NULL, NULL, '12345678', NULL, '2022-04-14 11:27:06', '2022-04-14 11:27:06'),
(30, 'shamim reza', '', '01615112358', 'abc', NULL, NULL, '$2y$10$YvTHH9/TJo5YjSdZFjYVk.LSy6ER8Kb5AmLCYS6qvz7Ss33lXEeHy', NULL, '2022-04-14 11:33:12', '2022-04-14 11:33:12'),
(31, 'shamim reza', '', '01615112358', 'abc', NULL, NULL, '$2y$10$fHjnqmMPUVW7Jf1YiVGzPufprzkS3/B7ztz9uCk59.Rv49.oEieBO', NULL, '2022-04-14 11:41:40', '2022-04-14 11:41:40'),
(33, 'Tasnim Fatema Rimly', '', '01918983833', 'Career', NULL, NULL, '$2y$10$QARCKyjKZfbkcomW2ZbA4.U9QBrFx52p5R6kqILdFFB/HBrFevuFu', NULL, '2022-04-16 09:25:53', '2022-04-16 09:25:53'),
(34, 'Alif Bean Sayed', '', '01670657155', 'Career', NULL, NULL, '$2y$10$swGD.z8TzyEsYzGURbP0VuVnLXX9gLP6Vl5TkfMeLHGdiHyP2.8xG', NULL, '2022-04-16 09:27:26', '2022-04-16 09:27:26'),
(36, 'Ayan Majumder', '', '01646639343', 'Career', NULL, NULL, '$2y$10$Iz.geeiIwFywlB8gvKMgm.KbzQ13MdviwNCvNhwGCd7D0AOaOdZaq', NULL, '2022-04-16 09:30:31', '2022-04-16 09:30:31'),
(37, 'MD. NAYEM', '', '01999791578', 'Trainer', NULL, 1, '$2y$10$oUzu868C8jKBd1ND1gKFY.zpFdKAZZvhaljT9lOBFP1HXwABTdaqS', NULL, '2022-04-17 08:52:58', '2022-04-17 08:52:58'),
(40, 'MD. NAYEM', '', '01999791578', 'Career', NULL, NULL, '$2y$10$eqQIVkk4DDzPv1Fn9uokN.zP8pARr10n7r3zZS.b..MNfVpVndpX.', NULL, '2022-04-18 09:35:05', '2022-04-18 09:35:05'),
(42, 'plan2career.com ugrfeiohofidsksmvnjdbvsijf94t9u5t0i4r94ijgrjght9y84r49t64rkowf0ereiuguejdkwdiweofuehdskodjjdgofjsoddggfsidj', '', '89531463857', 'Trainer', NULL, NULL, '$2y$10$r9CaAwOH8MbMW27edyvpmOT02qCdf1Tre/axp9bjyE5/sjKxfYJZq', NULL, '2022-04-22 11:41:42', '2022-04-22 11:41:42'),
(43, 'Nazmun Nahar', '', '01819776444', 'Career', NULL, NULL, '$2y$10$fGDe/MjedwF5wPnVBKIYh.mayqB5xzqU/qqdZS.76Rqng//ZRB21W', NULL, '2022-05-12 21:17:17', '2022-05-12 21:17:17'),
(47, 'MD. NAYEM', 'mdnayem.cse21@gmail.com', NULL, 'Trainer', NULL, NULL, '$2y$10$vckCjtq/PPOqrET2vcQa2.xS8h6mBSDAzyOVEb/xxeeS4KmFGyHym', NULL, '2022-05-29 09:25:08', '2022-05-29 09:25:08'),
(48, 'MD. NAYEM', 'mdnayem.cse21@gmail.com', NULL, 'Freelancer', NULL, NULL, '$2y$10$lRlU6BV60mZj5V3ROkit7.smHeL71nNRhaoR/3NetHA03RbByc5P6', NULL, '2022-05-29 09:26:44', '2022-05-29 09:26:44'),
(49, 'abc', 'nn@gmail.com', NULL, 'Trainer', NULL, NULL, '$2y$10$yeL8Wo.qe0wFnQLeoKpiI.zkMzEuTUKJVZ0rwwQdWXQB0ExYdJurm', NULL, '2022-05-29 11:27:30', '2022-05-29 11:27:30'),
(50, 'test', 'text@gmail.com', NULL, 'Freelancer', NULL, NULL, '$2y$10$5pBL/Cr1XCOj/f.0OQyw9OmWOiSPeN61Jr4pdvzgyiVmXcjC24IVC', NULL, '2022-05-29 11:35:51', '2022-05-29 11:35:51'),
(51, 'MD. NAYEM', 'mdnayem.cse21@gmail.com', NULL, 'Freelancer', NULL, NULL, '$2y$10$ytCmPNrznHFuTbVrvr9a7upuJZHOFbyGqqioDOR8SbuDWaE4sXBdS', NULL, '2022-05-29 11:41:54', '2022-05-29 11:41:54'),
(52, 'Arman', 'arman.hub.bd1@gmail.com', NULL, 'Freelancer', NULL, NULL, '$2y$10$MxU8Ya5Xwm400nOICZWA7OCbesA0nuMbucsyl92J1tp3KY54uDskK', NULL, '2022-05-29 12:50:29', '2022-05-29 12:50:29');

-- --------------------------------------------------------

--
-- Table structure for table `zoom`
--

CREATE TABLE `zoom` (
  `id` int(11) NOT NULL,
  `course_id` int(11) NOT NULL,
  `link` varchar(200) NOT NULL,
  `created_at` timestamp NULL DEFAULT NULL,
  `updated_at` timestamp NULL DEFAULT NULL
) ENGINE=InnoDB DEFAULT CHARSET=latin1;

--
-- Indexes for dumped tables
--

--
-- Indexes for table `about`
--
ALTER TABLE `about`
  ADD PRIMARY KEY (`id`);

--
-- Indexes for table `abroads`
--
ALTER TABLE `abroads`
  ADD PRIMARY KEY (`id`);

--
-- Indexes for table `academicform`
--
ALTER TABLE `academicform`
  ADD PRIMARY KEY (`id`);

--
-- Indexes for table `carts`
--
ALTER TABLE `carts`
  ADD PRIMARY KEY (`id`),
  ADD KEY `carts_user_id_foreign` (`user_id`),
  ADD KEY `carts_product_id_foreign` (`course_id`),
  ADD KEY `carts_order_id_foreign` (`order_id`);

--
-- Indexes for table `chapter`
--
ALTER TABLE `chapter`
  ADD PRIMARY KEY (`id`);

--
-- Indexes for table `chat`
--
ALTER TABLE `chat`
  ADD PRIMARY KEY (`id`);

--
-- Indexes for table `content`
--
ALTER TABLE `content`
  ADD PRIMARY KEY (`id`);

--
-- Indexes for table `course`
--
ALTER TABLE `course`
  ADD PRIMARY KEY (`id`);

--
-- Indexes for table `exams`
--
ALTER TABLE `exams`
  ADD PRIMARY KEY (`id`);

--
-- Indexes for table `examtopics`
--
ALTER TABLE `examtopics`
  ADD PRIMARY KEY (`id`);

--
-- Indexes for table `failed_jobs`
--
ALTER TABLE `failed_jobs`
  ADD PRIMARY KEY (`id`),
  ADD UNIQUE KEY `failed_jobs_uuid_unique` (`uuid`);

--
-- Indexes for table `file`
--
ALTER TABLE `file`
  ADD PRIMARY KEY (`id`);

--
-- Indexes for table `freelancer`
--
ALTER TABLE `freelancer`
  ADD PRIMARY KEY (`id`);

--
-- Indexes for table `inquiries`
--
ALTER TABLE `inquiries`
  ADD PRIMARY KEY (`id`);

--
-- Indexes for table `migrations`
--
ALTER TABLE `migrations`
  ADD PRIMARY KEY (`id`);

--
-- Indexes for table `orders`
--
ALTER TABLE `orders`
  ADD PRIMARY KEY (`id`),
  ADD KEY `order2s_user_id_foreign` (`user_id`),
  ADD KEY `order2s_payment_id_foreign` (`payment_id`);

--
-- Indexes for table `password_resets`
--
ALTER TABLE `password_resets`
  ADD KEY `password_resets_email_index` (`email`);

--
-- Indexes for table `payments`
--
ALTER TABLE `payments`
  ADD PRIMARY KEY (`id`);

--
-- Indexes for table `question`
--
ALTER TABLE `question`
  ADD PRIMARY KEY (`id`);

--
-- Indexes for table `quizes`
--
ALTER TABLE `quizes`
  ADD PRIMARY KEY (`id`);

--
-- Indexes for table `result`
--
ALTER TABLE `result`
  ADD PRIMARY KEY (`id`);

--
-- Indexes for table `settings`
--
ALTER TABLE `settings`
  ADD PRIMARY KEY (`id`);

--
-- Indexes for table `singlemarks`
--
ALTER TABLE `singlemarks`
  ADD PRIMARY KEY (`id`);

--
-- Indexes for table `studentadmission`
--
ALTER TABLE `studentadmission`
  ADD PRIMARY KEY (`id`);

--
-- Indexes for table `students`
--
ALTER TABLE `students`
  ADD PRIMARY KEY (`id`);

--
-- Indexes for table `test`
--
ALTER TABLE `test`
  ADD PRIMARY KEY (`id`);

--
-- Indexes for table `trainer`
--
ALTER TABLE `trainer`
  ADD PRIMARY KEY (`id`);

--
-- Indexes for table `training`
--
ALTER TABLE `training`
  ADD PRIMARY KEY (`id`);

--
-- Indexes for table `userdetails`
--
ALTER TABLE `userdetails`
  ADD PRIMARY KEY (`id`);

--
-- Indexes for table `users`
--
ALTER TABLE `users`
  ADD PRIMARY KEY (`id`);

--
-- Indexes for table `zoom`
--
ALTER TABLE `zoom`
  ADD PRIMARY KEY (`id`);

--
-- AUTO_INCREMENT for dumped tables
--

--
-- AUTO_INCREMENT for table `about`
--
ALTER TABLE `about`
  MODIFY `id` int(10) NOT NULL AUTO_INCREMENT, AUTO_INCREMENT=6;

--
-- AUTO_INCREMENT for table `abroads`
--
ALTER TABLE `abroads`
  MODIFY `id` int(10) NOT NULL AUTO_INCREMENT, AUTO_INCREMENT=4;

--
-- AUTO_INCREMENT for table `academicform`
--
ALTER TABLE `academicform`
  MODIFY `id` int(11) NOT NULL AUTO_INCREMENT, AUTO_INCREMENT=6;

--
-- AUTO_INCREMENT for table `carts`
--
ALTER TABLE `carts`
  MODIFY `id` int(10) UNSIGNED NOT NULL AUTO_INCREMENT, AUTO_INCREMENT=30;

--
-- AUTO_INCREMENT for table `chapter`
--
ALTER TABLE `chapter`
  MODIFY `id` int(10) NOT NULL AUTO_INCREMENT, AUTO_INCREMENT=9;

--
-- AUTO_INCREMENT for table `chat`
--
ALTER TABLE `chat`
  MODIFY `id` int(11) NOT NULL AUTO_INCREMENT, AUTO_INCREMENT=48;

--
-- AUTO_INCREMENT for table `content`
--
ALTER TABLE `content`
  MODIFY `id` int(10) NOT NULL AUTO_INCREMENT, AUTO_INCREMENT=11;

--
-- AUTO_INCREMENT for table `course`
--
ALTER TABLE `course`
  MODIFY `id` int(11) NOT NULL AUTO_INCREMENT, AUTO_INCREMENT=36;

--
-- AUTO_INCREMENT for table `exams`
--
ALTER TABLE `exams`
  MODIFY `id` int(10) NOT NULL AUTO_INCREMENT, AUTO_INCREMENT=349;

--
-- AUTO_INCREMENT for table `examtopics`
--
ALTER TABLE `examtopics`
  MODIFY `id` int(10) NOT NULL AUTO_INCREMENT, AUTO_INCREMENT=6;

--
-- AUTO_INCREMENT for table `failed_jobs`
--
ALTER TABLE `failed_jobs`
  MODIFY `id` bigint(20) UNSIGNED NOT NULL AUTO_INCREMENT;

--
-- AUTO_INCREMENT for table `file`
--
ALTER TABLE `file`
  MODIFY `id` int(11) NOT NULL AUTO_INCREMENT, AUTO_INCREMENT=10;

--
-- AUTO_INCREMENT for table `freelancer`
--
ALTER TABLE `freelancer`
  MODIFY `id` int(11) NOT NULL AUTO_INCREMENT, AUTO_INCREMENT=10;

--
-- AUTO_INCREMENT for table `inquiries`
--
ALTER TABLE `inquiries`
  MODIFY `id` bigint(10) NOT NULL AUTO_INCREMENT, AUTO_INCREMENT=11;

--
-- AUTO_INCREMENT for table `migrations`
--
ALTER TABLE `migrations`
  MODIFY `id` int(10) UNSIGNED NOT NULL AUTO_INCREMENT, AUTO_INCREMENT=5;

--
-- AUTO_INCREMENT for table `orders`
--
ALTER TABLE `orders`
  MODIFY `id` int(10) UNSIGNED NOT NULL AUTO_INCREMENT, AUTO_INCREMENT=4;

--
-- AUTO_INCREMENT for table `payments`
--
ALTER TABLE `payments`
  MODIFY `id` int(10) UNSIGNED NOT NULL AUTO_INCREMENT, AUTO_INCREMENT=4;

--
-- AUTO_INCREMENT for table `question`
--
ALTER TABLE `question`
  MODIFY `id` int(10) NOT NULL AUTO_INCREMENT, AUTO_INCREMENT=12;

--
-- AUTO_INCREMENT for table `quizes`
--
ALTER TABLE `quizes`
  MODIFY `id` int(10) UNSIGNED NOT NULL AUTO_INCREMENT, AUTO_INCREMENT=6;

--
-- AUTO_INCREMENT for table `result`
--
ALTER TABLE `result`
  MODIFY `id` int(11) NOT NULL AUTO_INCREMENT;

--
-- AUTO_INCREMENT for table `settings`
--
ALTER TABLE `settings`
  MODIFY `id` int(10) UNSIGNED NOT NULL AUTO_INCREMENT, AUTO_INCREMENT=2;

--
-- AUTO_INCREMENT for table `singlemarks`
--
ALTER TABLE `singlemarks`
  MODIFY `id` int(11) NOT NULL AUTO_INCREMENT, AUTO_INCREMENT=246;

--
-- AUTO_INCREMENT for table `studentadmission`
--
ALTER TABLE `studentadmission`
  MODIFY `id` int(11) NOT NULL AUTO_INCREMENT, AUTO_INCREMENT=5;

--
-- AUTO_INCREMENT for table `students`
--
ALTER TABLE `students`
  MODIFY `id` bigint(20) UNSIGNED NOT NULL AUTO_INCREMENT, AUTO_INCREMENT=4;

--
-- AUTO_INCREMENT for table `test`
--
ALTER TABLE `test`
  MODIFY `id` int(10) NOT NULL AUTO_INCREMENT, AUTO_INCREMENT=5;

--
-- AUTO_INCREMENT for table `trainer`
--
ALTER TABLE `trainer`
  MODIFY `id` int(11) NOT NULL AUTO_INCREMENT, AUTO_INCREMENT=12;

--
-- AUTO_INCREMENT for table `training`
--
ALTER TABLE `training`
  MODIFY `id` int(10) NOT NULL AUTO_INCREMENT, AUTO_INCREMENT=13;

--
-- AUTO_INCREMENT for table `userdetails`
--
ALTER TABLE `userdetails`
  MODIFY `id` bigint(20) UNSIGNED NOT NULL AUTO_INCREMENT, AUTO_INCREMENT=6;

--
-- AUTO_INCREMENT for table `users`
--
ALTER TABLE `users`
  MODIFY `id` bigint(20) UNSIGNED NOT NULL AUTO_INCREMENT, AUTO_INCREMENT=53;

--
-- AUTO_INCREMENT for table `zoom`
--
ALTER TABLE `zoom`
  MODIFY `id` int(11) NOT NULL AUTO_INCREMENT;
COMMIT;

/*!40101 SET CHARACTER_SET_CLIENT=@OLD_CHARACTER_SET_CLIENT */;
/*!40101 SET CHARACTER_SET_RESULTS=@OLD_CHARACTER_SET_RESULTS */;
/*!40101 SET COLLATION_CONNECTION=@OLD_COLLATION_CONNECTION */;
